gemcode,gemeente,postcode
14,Groningen,9479
14,Groningen,9613
14,Groningen,9614
14,Groningen,9622
14,Groningen,9711
14,Groningen,9712
14,Groningen,9713
14,Groningen,9714
14,Groningen,9715
14,Groningen,9716
14,Groningen,9717
14,Groningen,9718
14,Groningen,9721
14,Groningen,9722
14,Groningen,9723
14,Groningen,9724
14,Groningen,9725
14,Groningen,9726
14,Groningen,9727
14,Groningen,9728
14,Groningen,9731
14,Groningen,9732
14,Groningen,9733
14,Groningen,9734
14,Groningen,9735
14,Groningen,9736
14,Groningen,9737
14,Groningen,9738
14,Groningen,9741
14,Groningen,9742
14,Groningen,9743
14,Groningen,9744
14,Groningen,9745
14,Groningen,9746
14,Groningen,9747
14,Groningen,9751
14,Groningen,9752
14,Groningen,9753
14,Groningen,9755
14,Groningen,9756
14,Groningen,9791
14,Groningen,9792
14,Groningen,9793
14,Groningen,9794
14,Groningen,9795
14,Groningen,9796
14,Groningen,9797
14,Groningen,9798
34,Almere,1309
34,Almere,1311
34,Almere,1312
34,Almere,1313
34,Almere,1314
34,Almere,1315
34,Almere,1316
34,Almere,1317
34,Almere,1318
34,Almere,1319
34,Almere,1321
34,Almere,1322
34,Almere,1323
34,Almere,1324
34,Almere,1325
34,Almere,1326
34,Almere,1327
34,Almere,1328
34,Almere,1329
34,Almere,1331
34,Almere,1332
34,Almere,1333
34,Almere,1334
34,Almere,1335
34,Almere,1336
34,Almere,1338
34,Almere,1339
34,Almere,1341
34,Almere,1343
34,Almere,1349
34,Almere,1351
34,Almere,1352
34,Almere,1353
34,Almere,1354
34,Almere,1355
34,Almere,1356
34,Almere,1357
34,Almere,1358
34,Almere,1359
34,Almere,1361
34,Almere,1362
34,Almere,1363
34,Almere,1364
37,Stadskanaal,9501
37,Stadskanaal,9502
37,Stadskanaal,9503
37,Stadskanaal,9581
37,Stadskanaal,9584
37,Stadskanaal,9585
37,Stadskanaal,9591
37,Stadskanaal,9661
47,Veendam,9631
47,Veendam,9641
47,Veendam,9642
47,Veendam,9644
47,Veendam,9645
47,Veendam,9646
47,Veendam,9648
50,Zeewolde,3891
50,Zeewolde,3892
50,Zeewolde,3893
50,Zeewolde,3894
50,Zeewolde,3895
50,Zeewolde,3896
50,Zeewolde,3897
50,Zeewolde,3898
50,Zeewolde,3899
59,Achtkarspelen,9231
59,Achtkarspelen,9233
59,Achtkarspelen,9281
59,Achtkarspelen,9283
59,Achtkarspelen,9284
59,Achtkarspelen,9285
59,Achtkarspelen,9286
59,Achtkarspelen,9287
59,Achtkarspelen,9288
59,Achtkarspelen,9289
59,Achtkarspelen,9871
59,Achtkarspelen,9872
59,Achtkarspelen,9873
60,Ameland,9161
60,Ameland,9162
60,Ameland,9163
60,Ameland,9164
72,Harlingen,8857
72,Harlingen,8861
72,Harlingen,8862
72,Harlingen,8871
72,Harlingen,8872
74,Heerenveen,8411
74,Heerenveen,8412
74,Heerenveen,8413
74,Heerenveen,8414
74,Heerenveen,8415
74,Heerenveen,8441
74,Heerenveen,8442
74,Heerenveen,8443
74,Heerenveen,8444
74,Heerenveen,8445
74,Heerenveen,8446
74,Heerenveen,8447
74,Heerenveen,8448
74,Heerenveen,8449
74,Heerenveen,8451
74,Heerenveen,8452
74,Heerenveen,8453
74,Heerenveen,8454
74,Heerenveen,8455
74,Heerenveen,8456
74,Heerenveen,8457
74,Heerenveen,8458
74,Heerenveen,8459
74,Heerenveen,8468
74,Heerenveen,8469
74,Heerenveen,8491
74,Heerenveen,8494
74,Heerenveen,8495
80,Leeuwarden,8832
80,Leeuwarden,8833
80,Leeuwarden,8834
80,Leeuwarden,8835
80,Leeuwarden,8911
80,Leeuwarden,8912
80,Leeuwarden,8913
80,Leeuwarden,8914
80,Leeuwarden,8915
80,Leeuwarden,8916
80,Leeuwarden,8917
80,Leeuwarden,8918
80,Leeuwarden,8919
80,Leeuwarden,8921
80,Leeuwarden,8922
80,Leeuwarden,8923
80,Leeuwarden,8924
80,Leeuwarden,8925
80,Leeuwarden,8926
80,Leeuwarden,8927
80,Leeuwarden,8931
80,Leeuwarden,8932
80,Leeuwarden,8933
80,Leeuwarden,8934
80,Leeuwarden,8935
80,Leeuwarden,8936
80,Leeuwarden,8937
80,Leeuwarden,8938
80,Leeuwarden,8939
80,Leeuwarden,8941
80,Leeuwarden,9001
80,Leeuwarden,9003
80,Leeuwarden,9004
80,Leeuwarden,9005
80,Leeuwarden,9006
80,Leeuwarden,9007
80,Leeuwarden,9008
80,Leeuwarden,9009
80,Leeuwarden,9011
80,Leeuwarden,9022
80,Leeuwarden,9023
80,Leeuwarden,9024
80,Leeuwarden,9025
80,Leeuwarden,9026
80,Leeuwarden,9027
80,Leeuwarden,9051
80,Leeuwarden,9053
80,Leeuwarden,9054
80,Leeuwarden,9055
80,Leeuwarden,9056
80,Leeuwarden,9057
80,Leeuwarden,9071
80,Leeuwarden,9081
80,Leeuwarden,9082
80,Leeuwarden,9083
80,Leeuwarden,9084
80,Leeuwarden,9085
80,Leeuwarden,9086
80,Leeuwarden,9087
80,Leeuwarden,9088
80,Leeuwarden,9089
85,Ooststellingwerf,8421
85,Ooststellingwerf,8422
85,Ooststellingwerf,8423
85,Ooststellingwerf,8424
85,Ooststellingwerf,8425
85,Ooststellingwerf,8426
85,Ooststellingwerf,8427
85,Ooststellingwerf,8428
85,Ooststellingwerf,8431
85,Ooststellingwerf,8432
85,Ooststellingwerf,8433
85,Ooststellingwerf,8434
85,Ooststellingwerf,8435
86,Opsterland,8401
86,Opsterland,8403
86,Opsterland,8404
86,Opsterland,8405
86,Opsterland,8406
86,Opsterland,8407
86,Opsterland,8408
86,Opsterland,8409
86,Opsterland,9207
86,Opsterland,9241
86,Opsterland,9243
86,Opsterland,9244
86,Opsterland,9245
86,Opsterland,9246
86,Opsterland,9247
86,Opsterland,9248
86,Opsterland,9249
88,Schiermonnikoog,9166
90,Smallingerland,8497
90,Smallingerland,9201
90,Smallingerland,9202
90,Smallingerland,9203
90,Smallingerland,9204
90,Smallingerland,9205
90,Smallingerland,9206
90,Smallingerland,9207
90,Smallingerland,9211
90,Smallingerland,9212
90,Smallingerland,9213
90,Smallingerland,9214
90,Smallingerland,9215
90,Smallingerland,9216
90,Smallingerland,9217
90,Smallingerland,9218
90,Smallingerland,9219
90,Smallingerland,9221
90,Smallingerland,9222
90,Smallingerland,9223
93,Terschelling,8881
93,Terschelling,8882
93,Terschelling,8883
93,Terschelling,8884
93,Terschelling,8885
93,Terschelling,8891
93,Terschelling,8892
93,Terschelling,8893
93,Terschelling,8894
93,Terschelling,8895
93,Terschelling,8896
93,Terschelling,8897
96,Vlieland,8899
98,Weststellingwerf,8388
98,Weststellingwerf,8389
98,Weststellingwerf,8391
98,Weststellingwerf,8392
98,Weststellingwerf,8393
98,Weststellingwerf,8394
98,Weststellingwerf,8395
98,Weststellingwerf,8396
98,Weststellingwerf,8397
98,Weststellingwerf,8398
98,Weststellingwerf,8471
98,Weststellingwerf,8472
98,Weststellingwerf,8474
98,Weststellingwerf,8475
98,Weststellingwerf,8476
98,Weststellingwerf,8477
98,Weststellingwerf,8478
98,Weststellingwerf,8479
98,Weststellingwerf,8481
98,Weststellingwerf,8482
98,Weststellingwerf,8483
98,Weststellingwerf,8484
98,Weststellingwerf,8485
98,Weststellingwerf,8486
98,Weststellingwerf,8487
98,Weststellingwerf,8488
98,Weststellingwerf,8489
106,Assen,9401
106,Assen,9402
106,Assen,9403
106,Assen,9404
106,Assen,9405
106,Assen,9406
106,Assen,9407
106,Assen,9408
106,Assen,9409
106,Assen,9486
106,Assen,9487
106,Assen,9488
106,Assen,9489
106,Assen,9492
109,Coevorden,7741
109,Coevorden,7742
109,Coevorden,7751
109,Coevorden,7753
109,Coevorden,7754
109,Coevorden,7755
109,Coevorden,7756
109,Coevorden,7841
109,Coevorden,7842
109,Coevorden,7843
109,Coevorden,7845
109,Coevorden,7846
109,Coevorden,7847
109,Coevorden,7848
109,Coevorden,7849
109,Coevorden,7851
109,Coevorden,7852
109,Coevorden,7853
109,Coevorden,7854
109,Coevorden,7855
109,Coevorden,7856
109,Coevorden,7861
109,Coevorden,7863
109,Coevorden,7864
109,Coevorden,7917
109,Coevorden,7929
114,Emmen,7761
114,Emmen,7764
114,Emmen,7765
114,Emmen,7766
114,Emmen,7811
114,Emmen,7812
114,Emmen,7813
114,Emmen,7814
114,Emmen,7815
114,Emmen,7821
114,Emmen,7822
114,Emmen,7823
114,Emmen,7824
114,Emmen,7825
114,Emmen,7826
114,Emmen,7827
114,Emmen,7828
114,Emmen,7831
114,Emmen,7833
114,Emmen,7844
114,Emmen,7881
114,Emmen,7884
114,Emmen,7885
114,Emmen,7887
114,Emmen,7889
114,Emmen,7891
114,Emmen,7892
114,Emmen,7894
114,Emmen,7895
118,Hoogeveen,7901
118,Hoogeveen,7902
118,Hoogeveen,7903
118,Hoogeveen,7904
118,Hoogeveen,7905
118,Hoogeveen,7906
118,Hoogeveen,7907
118,Hoogeveen,7908
118,Hoogeveen,7909
118,Hoogeveen,7911
118,Hoogeveen,7912
118,Hoogeveen,7913
118,Hoogeveen,7914
118,Hoogeveen,7915
118,Hoogeveen,7916
118,Hoogeveen,7918
118,Hoogeveen,7931
118,Hoogeveen,7933
118,Hoogeveen,7934
118,Hoogeveen,7936
119,Meppel,7941
119,Meppel,7942
119,Meppel,7943
119,Meppel,7944
119,Meppel,7948
119,Meppel,7949
119,Meppel,7965
119,Meppel,7966
141,Almelo,7601
141,Almelo,7602
141,Almelo,7603
141,Almelo,7604
141,Almelo,7605
141,Almelo,7606
141,Almelo,7607
141,Almelo,7608
141,Almelo,7609
141,Almelo,7610
141,Almelo,7611
141,Almelo,7627
147,Borne,7621
147,Borne,7622
147,Borne,7623
147,Borne,7625
147,Borne,7626
148,Dalfsen,7711
148,Dalfsen,7721
148,Dalfsen,7722
148,Dalfsen,8151
148,Dalfsen,8152
148,Dalfsen,8153
148,Dalfsen,8154
150,Deventer,7411
150,Deventer,7412
150,Deventer,7413
150,Deventer,7414
150,Deventer,7415
150,Deventer,7416
150,Deventer,7417
150,Deventer,7418
150,Deventer,7419
150,Deventer,7421
150,Deventer,7422
150,Deventer,7423
150,Deventer,7424
150,Deventer,7425
150,Deventer,7426
150,Deventer,7427
150,Deventer,7428
150,Deventer,7429
150,Deventer,7431
150,Deventer,7433
150,Deventer,7434
150,Deventer,7435
150,Deventer,7437
153,Enschede,7511
153,Enschede,7512
153,Enschede,7513
153,Enschede,7514
153,Enschede,7521
153,Enschede,7522
153,Enschede,7523
153,Enschede,7524
153,Enschede,7525
153,Enschede,7531
153,Enschede,7532
153,Enschede,7533
153,Enschede,7534
153,Enschede,7535
153,Enschede,7536
153,Enschede,7541
153,Enschede,7542
153,Enschede,7543
153,Enschede,7544
153,Enschede,7545
153,Enschede,7546
153,Enschede,7547
153,Enschede,7548
158,Haaksbergen,7481
158,Haaksbergen,7482
158,Haaksbergen,7483
160,Hardenberg,7691
160,Hardenberg,7692
160,Hardenberg,7693
160,Hardenberg,7694
160,Hardenberg,7695
160,Hardenberg,7696
160,Hardenberg,7701
160,Hardenberg,7702
160,Hardenberg,7707
160,Hardenberg,7771
160,Hardenberg,7772
160,Hardenberg,7773
160,Hardenberg,7775
160,Hardenberg,7776
160,Hardenberg,7777
160,Hardenberg,7778
160,Hardenberg,7779
160,Hardenberg,7781
160,Hardenberg,7782
160,Hardenberg,7783
160,Hardenberg,7784
160,Hardenberg,7785
160,Hardenberg,7786
160,Hardenberg,7787
160,Hardenberg,7788
160,Hardenberg,7791
160,Hardenberg,7792
160,Hardenberg,7793
160,Hardenberg,7794
160,Hardenberg,7795
160,Hardenberg,7796
160,Hardenberg,7797
160,Hardenberg,7798
163,Hellendoorn,7441
163,Hellendoorn,7442
163,Hellendoorn,7443
163,Hellendoorn,7447
163,Hellendoorn,7448
163,Hellendoorn,7687
163,Hellendoorn,7688
166,Kampen,8261
166,Kampen,8262
166,Kampen,8263
166,Kampen,8264
166,Kampen,8265
166,Kampen,8266
166,Kampen,8267
166,Kampen,8269
166,Kampen,8271
166,Kampen,8274
166,Kampen,8275
166,Kampen,8276
166,Kampen,8277
166,Kampen,8278
166,Kampen,8293
168,Losser,7581
168,Losser,7582
168,Losser,7585
168,Losser,7586
168,Losser,7587
168,Losser,7588
171,Noordoostpolder,8301
171,Noordoostpolder,8302
171,Noordoostpolder,8303
171,Noordoostpolder,8304
171,Noordoostpolder,8305
171,Noordoostpolder,8307
171,Noordoostpolder,8308
171,Noordoostpolder,8309
171,Noordoostpolder,8311
171,Noordoostpolder,8312
171,Noordoostpolder,8313
171,Noordoostpolder,8314
171,Noordoostpolder,8315
171,Noordoostpolder,8316
171,Noordoostpolder,8317
171,Noordoostpolder,8319
173,Oldenzaal,7562
173,Oldenzaal,7571
173,Oldenzaal,7572
173,Oldenzaal,7573
173,Oldenzaal,7574
173,Oldenzaal,7575
173,Oldenzaal,7576
173,Oldenzaal,7577
175,Ommen,7685
175,Ommen,7731
175,Ommen,7732
175,Ommen,7734
175,Ommen,7735
175,Ommen,7736
175,Ommen,7737
175,Ommen,7738
175,Ommen,7739
175,Ommen,8146
175,Ommen,8147
175,Ommen,8148
177,Raalte,8055
177,Raalte,8101
177,Raalte,8102
177,Raalte,8103
177,Raalte,8105
177,Raalte,8106
177,Raalte,8107
177,Raalte,8111
177,Raalte,8112
177,Raalte,8141
177,Raalte,8144
180,Staphorst,7715
180,Staphorst,7951
180,Staphorst,7954
180,Staphorst,7955
183,Tubbergen,7614
183,Tubbergen,7615
183,Tubbergen,7651
183,Tubbergen,7661
183,Tubbergen,7662
183,Tubbergen,7663
183,Tubbergen,7664
183,Tubbergen,7665
183,Tubbergen,7666
183,Tubbergen,7667
183,Tubbergen,7668
183,Tubbergen,7678
183,Tubbergen,7679
184,Urk,8321
184,Urk,8322
184,Urk,8323
189,Wierden,7466
189,Wierden,7467
189,Wierden,7468
189,Wierden,7641
189,Wierden,7642
189,Wierden,7645
193,Zwolle,8011
193,Zwolle,8012
193,Zwolle,8013
193,Zwolle,8014
193,Zwolle,8015
193,Zwolle,8016
193,Zwolle,8017
193,Zwolle,8019
193,Zwolle,8021
193,Zwolle,8022
193,Zwolle,8023
193,Zwolle,8024
193,Zwolle,8025
193,Zwolle,8026
193,Zwolle,8028
193,Zwolle,8031
193,Zwolle,8032
193,Zwolle,8033
193,Zwolle,8034
193,Zwolle,8035
193,Zwolle,8041
193,Zwolle,8042
193,Zwolle,8043
193,Zwolle,8044
193,Zwolle,8045
197,Aalten,7091
197,Aalten,7095
197,Aalten,7121
197,Aalten,7122
197,Aalten,7123
197,Aalten,7126
200,Apeldoorn,3888
200,Apeldoorn,7311
200,Apeldoorn,7312
200,Apeldoorn,7313
200,Apeldoorn,7314
200,Apeldoorn,7315
200,Apeldoorn,7316
200,Apeldoorn,7317
200,Apeldoorn,7321
200,Apeldoorn,7322
200,Apeldoorn,7323
200,Apeldoorn,7324
200,Apeldoorn,7325
200,Apeldoorn,7326
200,Apeldoorn,7327
200,Apeldoorn,7328
200,Apeldoorn,7329
200,Apeldoorn,7331
200,Apeldoorn,7332
200,Apeldoorn,7333
200,Apeldoorn,7334
200,Apeldoorn,7335
200,Apeldoorn,7336
200,Apeldoorn,7339
200,Apeldoorn,7341
200,Apeldoorn,7345
200,Apeldoorn,7346
200,Apeldoorn,7348
200,Apeldoorn,7351
200,Apeldoorn,7361
200,Apeldoorn,7364
200,Apeldoorn,7371
200,Apeldoorn,7381
202,Arnhem,6811
202,Arnhem,6812
202,Arnhem,6813
202,Arnhem,6814
202,Arnhem,6815
202,Arnhem,6816
202,Arnhem,6821
202,Arnhem,6822
202,Arnhem,6823
202,Arnhem,6824
202,Arnhem,6825
202,Arnhem,6826
202,Arnhem,6827
202,Arnhem,6828
202,Arnhem,6831
202,Arnhem,6832
202,Arnhem,6833
202,Arnhem,6834
202,Arnhem,6835
202,Arnhem,6836
202,Arnhem,6841
202,Arnhem,6842
202,Arnhem,6843
202,Arnhem,6844
202,Arnhem,6845
202,Arnhem,6846
203,Barneveld,3771
203,Barneveld,3772
203,Barneveld,3773
203,Barneveld,3774
203,Barneveld,3775
203,Barneveld,3776
203,Barneveld,3781
203,Barneveld,3784
203,Barneveld,3785
203,Barneveld,3792
203,Barneveld,3794
203,Barneveld,3886
209,Beuningen,6551
209,Beuningen,6641
209,Beuningen,6642
209,Beuningen,6644
209,Beuningen,6645
213,Brummen,6961
213,Brummen,6964
213,Brummen,6971
213,Brummen,6974
213,Brummen,6975
213,Brummen,7399
214,Buren,4011
214,Buren,4012
214,Buren,4016
214,Buren,4021
214,Buren,4023
214,Buren,4024
214,Buren,4031
214,Buren,4032
214,Buren,4033
214,Buren,4111
214,Buren,4112
214,Buren,4115
214,Buren,4116
214,Buren,4117
214,Buren,4119
214,Buren,4197
216,Culemborg,4101
216,Culemborg,4102
216,Culemborg,4103
216,Culemborg,4104
216,Culemborg,4105
216,Culemborg,4106
216,Culemborg,4107
221,Doesburg,6981
221,Doesburg,6982
221,Doesburg,6983
221,Doesburg,6984
222,Doetinchem,7001
222,Doetinchem,7002
222,Doetinchem,7003
222,Doetinchem,7004
222,Doetinchem,7005
222,Doetinchem,7006
222,Doetinchem,7007
222,Doetinchem,7008
222,Doetinchem,7009
222,Doetinchem,7011
222,Doetinchem,7031
225,Druten,6631
225,Druten,6651
225,Druten,6652
225,Druten,6653
225,Druten,6654
225,Druten,6655
226,Duiven,6921
226,Duiven,6922
226,Duiven,6923
226,Duiven,6924
228,Ede,6711
228,Ede,6712
228,Ede,6713
228,Ede,6714
228,Ede,6715
228,Ede,6716
228,Ede,6717
228,Ede,6718
228,Ede,6721
228,Ede,6731
228,Ede,6732
228,Ede,6733
228,Ede,6741
228,Ede,6744
228,Ede,6745
228,Ede,6877
228,Ede,7351
228,Ede,7352
230,Elburg,8081
230,Elburg,8082
230,Elburg,8084
230,Elburg,8085
232,Epe,8096
232,Epe,8161
232,Epe,8162
232,Epe,8166
232,Epe,8167
232,Epe,8171
232,Epe,8172
233,Ermelo,3851
233,Ermelo,3852
233,Ermelo,3853
243,Harderwijk,3841
243,Harderwijk,3842
243,Harderwijk,3843
243,Harderwijk,3844
243,Harderwijk,3845
243,Harderwijk,3846
243,Harderwijk,3847
243,Harderwijk,3848
243,Harderwijk,3849
244,Hattem,8051
244,Hattem,8052
246,Heerde,8181
246,Heerde,8191
246,Heerde,8193
246,Heerde,8194
252,Heumen,6581
252,Heumen,6582
252,Heumen,6611
252,Heumen,6612
262,Lochem,7211
262,Lochem,7213
262,Lochem,7214
262,Lochem,7215
262,Lochem,7216
262,Lochem,7217
262,Lochem,7218
262,Lochem,7241
262,Lochem,7242
262,Lochem,7244
262,Lochem,7245
263,Maasdriel,5321
263,Maasdriel,5324
263,Maasdriel,5325
263,Maasdriel,5327
263,Maasdriel,5328
263,Maasdriel,5331
263,Maasdriel,5333
263,Maasdriel,5334
263,Maasdriel,5335
263,Maasdriel,6624
267,Nijkerk,3861
267,Nijkerk,3862
267,Nijkerk,3863
267,Nijkerk,3864
267,Nijkerk,3871
268,Nijmegen,6511
268,Nijmegen,6512
268,Nijmegen,6515
268,Nijmegen,6521
268,Nijmegen,6522
268,Nijmegen,6523
268,Nijmegen,6524
268,Nijmegen,6525
268,Nijmegen,6531
268,Nijmegen,6532
268,Nijmegen,6533
268,Nijmegen,6534
268,Nijmegen,6535
268,Nijmegen,6536
268,Nijmegen,6537
268,Nijmegen,6538
268,Nijmegen,6541
268,Nijmegen,6542
268,Nijmegen,6543
268,Nijmegen,6544
268,Nijmegen,6545
268,Nijmegen,6546
268,Nijmegen,6574
268,Nijmegen,6663
269,Oldebroek,8079
269,Oldebroek,8091
269,Oldebroek,8094
269,Oldebroek,8095
269,Oldebroek,8096
269,Oldebroek,8097
273,Putten,3881
273,Putten,3882
274,Renkum,6861
274,Renkum,6862
274,Renkum,6865
274,Renkum,6866
274,Renkum,6869
274,Renkum,6871
274,Renkum,6874
275,Rheden,6881
275,Rheden,6882
275,Rheden,6883
275,Rheden,6951
275,Rheden,6952
275,Rheden,6953
275,Rheden,6955
275,Rheden,6956
275,Rheden,6957
275,Rheden,6991
275,Rheden,6994
277,Rozendaal,6891
277,Rozendaal,6961
279,Scherpenzeel,3925
281,Tiel,4001
281,Tiel,4002
281,Tiel,4003
281,Tiel,4004
281,Tiel,4005
281,Tiel,4006
281,Tiel,4007
281,Tiel,4013
281,Tiel,4014
281,Tiel,4017
281,Tiel,4062
285,Voorst,7382
285,Voorst,7383
285,Voorst,7384
285,Voorst,7391
285,Voorst,7392
285,Voorst,7395
285,Voorst,7396
285,Voorst,7397
285,Voorst,7439
289,Wageningen,6701
289,Wageningen,6702
289,Wageningen,6703
289,Wageningen,6704
289,Wageningen,6705
289,Wageningen,6706
289,Wageningen,6707
289,Wageningen,6708
289,Wageningen,6709
293,Westervoort,6931
293,Westervoort,6932
294,Winterswijk,7101
294,Winterswijk,7102
294,Winterswijk,7103
294,Winterswijk,7104
294,Winterswijk,7105
294,Winterswijk,7106
294,Winterswijk,7107
294,Winterswijk,7108
294,Winterswijk,7109
294,Winterswijk,7113
294,Winterswijk,7115
294,Winterswijk,7119
296,Wijchen,6601
296,Wijchen,6602
296,Wijchen,6603
296,Wijchen,6604
296,Wijchen,6605
296,Wijchen,6606
296,Wijchen,6613
296,Wijchen,6615
296,Wijchen,6616
296,Wijchen,6617
296,Wijchen,6634
297,Zaltbommel,5301
297,Zaltbommel,5302
297,Zaltbommel,5305
297,Zaltbommel,5306
297,Zaltbommel,5307
297,Zaltbommel,5308
297,Zaltbommel,5311
297,Zaltbommel,5313
297,Zaltbommel,5314
297,Zaltbommel,5315
297,Zaltbommel,5316
297,Zaltbommel,5317
297,Zaltbommel,5318
299,Zevenaar,6901
299,Zevenaar,6902
299,Zevenaar,6903
299,Zevenaar,6904
299,Zevenaar,6905
299,Zevenaar,6909
299,Zevenaar,6911
299,Zevenaar,6913
299,Zevenaar,6914
299,Zevenaar,6915
299,Zevenaar,6916
299,Zevenaar,6917
299,Zevenaar,6986
299,Zevenaar,6987
299,Zevenaar,6988
301,Zutphen,7201
301,Zutphen,7202
301,Zutphen,7203
301,Zutphen,7204
301,Zutphen,7205
301,Zutphen,7206
301,Zutphen,7207
301,Zutphen,7231
301,Zutphen,7232
302,Nunspeet,8071
302,Nunspeet,8072
302,Nunspeet,8075
302,Nunspeet,8076
302,Nunspeet,8077
303,Dronten,8251
303,Dronten,8252
303,Dronten,8253
303,Dronten,8254
303,Dronten,8255
303,Dronten,8256
307,Amersfoort,3811
307,Amersfoort,3812
307,Amersfoort,3813
307,Amersfoort,3814
307,Amersfoort,3815
307,Amersfoort,3816
307,Amersfoort,3817
307,Amersfoort,3818
307,Amersfoort,3819
307,Amersfoort,3821
307,Amersfoort,3822
307,Amersfoort,3823
307,Amersfoort,3824
307,Amersfoort,3825
307,Amersfoort,3826
307,Amersfoort,3828
307,Amersfoort,3829
307,Amersfoort,3836
308,Baarn,3741
308,Baarn,3742
308,Baarn,3743
308,Baarn,3744
308,Baarn,3749
310,De Bilt,3615
310,De Bilt,3721
310,De Bilt,3722
310,De Bilt,3723
310,De Bilt,3731
310,De Bilt,3732
310,De Bilt,3737
310,De Bilt,3738
310,De Bilt,3739
312,Bunnik,3981
312,Bunnik,3984
312,Bunnik,3985
313,Bunschoten,3751
313,Bunschoten,3752
313,Bunschoten,3754
317,Eemnes,3755
321,Houten,3991
321,Houten,3992
321,Houten,3993
321,Houten,3994
321,Houten,3995
321,Houten,3997
321,Houten,3998
321,Houten,3999
327,Leusden,3791
327,Leusden,3831
327,Leusden,3832
327,Leusden,3833
327,Leusden,3834
327,Leusden,3835
331,Lopik,3405
331,Lopik,3411
331,Lopik,3412
331,Lopik,3413
331,Lopik,3415
335,Montfoort,3417
335,Montfoort,3461
339,Renswoude,3927
340,Rhenen,3911
340,Rhenen,3912
340,Rhenen,3921
340,Rhenen,3922
342,Soest,3761
342,Soest,3762
342,Soest,3763
342,Soest,3764
342,Soest,3765
342,Soest,3766
342,Soest,3768
342,Soest,3769
344,Utrecht,3451
344,Utrecht,3452
344,Utrecht,3453
344,Utrecht,3454
344,Utrecht,3455
344,Utrecht,3511
344,Utrecht,3512
344,Utrecht,3513
344,Utrecht,3514
344,Utrecht,3515
344,Utrecht,3521
344,Utrecht,3522
344,Utrecht,3523
344,Utrecht,3524
344,Utrecht,3525
344,Utrecht,3526
344,Utrecht,3527
344,Utrecht,3528
344,Utrecht,3531
344,Utrecht,3532
344,Utrecht,3533
344,Utrecht,3534
344,Utrecht,3541
344,Utrecht,3542
344,Utrecht,3543
344,Utrecht,3544
344,Utrecht,3545
344,Utrecht,3546
344,Utrecht,3551
344,Utrecht,3552
344,Utrecht,3553
344,Utrecht,3554
344,Utrecht,3555
344,Utrecht,3561
344,Utrecht,3562
344,Utrecht,3563
344,Utrecht,3564
344,Utrecht,3565
344,Utrecht,3566
344,Utrecht,3571
344,Utrecht,3572
344,Utrecht,3573
344,Utrecht,3581
344,Utrecht,3582
344,Utrecht,3583
344,Utrecht,3584
344,Utrecht,3585
345,Veenendaal,3901
345,Veenendaal,3902
345,Veenendaal,3903
345,Veenendaal,3904
345,Veenendaal,3905
345,Veenendaal,3906
345,Veenendaal,3907
351,Woudenberg,3931
352,Wijk bij Duurstede,3945
352,Wijk bij Duurstede,3947
352,Wijk bij Duurstede,3961
352,Wijk bij Duurstede,3962
353,IJsselstein,3401
353,IJsselstein,3402
353,IJsselstein,3403
353,IJsselstein,3404
355,Zeist,3701
355,Zeist,3702
355,Zeist,3703
355,Zeist,3704
355,Zeist,3705
355,Zeist,3706
355,Zeist,3707
355,Zeist,3708
355,Zeist,3709
355,Zeist,3711
355,Zeist,3712
355,Zeist,3734
355,Zeist,3735
356,Nieuwegein,3431
356,Nieuwegein,3432
356,Nieuwegein,3433
356,Nieuwegein,3434
356,Nieuwegein,3435
356,Nieuwegein,3436
356,Nieuwegein,3437
356,Nieuwegein,3438
356,Nieuwegein,3439
358,Aalsmeer,1431
358,Aalsmeer,1432
358,Aalsmeer,1433
361,Alkmaar,1483
361,Alkmaar,1484
361,Alkmaar,1485
361,Alkmaar,1486
361,Alkmaar,1487
361,Alkmaar,1488
361,Alkmaar,1536
361,Alkmaar,1636
361,Alkmaar,1646
361,Alkmaar,1811
361,Alkmaar,1812
361,Alkmaar,1813
361,Alkmaar,1814
361,Alkmaar,1815
361,Alkmaar,1816
361,Alkmaar,1817
361,Alkmaar,1821
361,Alkmaar,1822
361,Alkmaar,1823
361,Alkmaar,1824
361,Alkmaar,1825
361,Alkmaar,1826
361,Alkmaar,1827
361,Alkmaar,1829
361,Alkmaar,1831
361,Alkmaar,1841
361,Alkmaar,1842
361,Alkmaar,1843
361,Alkmaar,1844
361,Alkmaar,1846
361,Alkmaar,1847
362,Amstelveen,1181
362,Amstelveen,1182
362,Amstelveen,1183
362,Amstelveen,1184
362,Amstelveen,1185
362,Amstelveen,1186
362,Amstelveen,1187
362,Amstelveen,1188
362,Amstelveen,1189
363,Amsterdam,1011
363,Amsterdam,1012
363,Amsterdam,1013
363,Amsterdam,1014
363,Amsterdam,1015
363,Amsterdam,1016
363,Amsterdam,1017
363,Amsterdam,1018
363,Amsterdam,1019
363,Amsterdam,1021
363,Amsterdam,1022
363,Amsterdam,1023
363,Amsterdam,1024
363,Amsterdam,1025
363,Amsterdam,1026
363,Amsterdam,1027
363,Amsterdam,1028
363,Amsterdam,1031
363,Amsterdam,1032
363,Amsterdam,1033
363,Amsterdam,1034
363,Amsterdam,1035
363,Amsterdam,1036
363,Amsterdam,1037
363,Amsterdam,1041
363,Amsterdam,1042
363,Amsterdam,1043
363,Amsterdam,1044
363,Amsterdam,1045
363,Amsterdam,1046
363,Amsterdam,1047
363,Amsterdam,1051
363,Amsterdam,1052
363,Amsterdam,1053
363,Amsterdam,1054
363,Amsterdam,1055
363,Amsterdam,1056
363,Amsterdam,1057
363,Amsterdam,1058
363,Amsterdam,1059
363,Amsterdam,1060
363,Amsterdam,1061
363,Amsterdam,1062
363,Amsterdam,1063
363,Amsterdam,1064
363,Amsterdam,1065
363,Amsterdam,1066
363,Amsterdam,1067
363,Amsterdam,1068
363,Amsterdam,1069
363,Amsterdam,1071
363,Amsterdam,1072
363,Amsterdam,1073
363,Amsterdam,1074
363,Amsterdam,1075
363,Amsterdam,1076
363,Amsterdam,1077
363,Amsterdam,1078
363,Amsterdam,1079
363,Amsterdam,1081
363,Amsterdam,1082
363,Amsterdam,1083
363,Amsterdam,1086
363,Amsterdam,1087
363,Amsterdam,1091
363,Amsterdam,1092
363,Amsterdam,1093
363,Amsterdam,1094
363,Amsterdam,1095
363,Amsterdam,1096
363,Amsterdam,1097
363,Amsterdam,1098
363,Amsterdam,1101
363,Amsterdam,1102
363,Amsterdam,1103
363,Amsterdam,1104
363,Amsterdam,1105
363,Amsterdam,1106
363,Amsterdam,1107
363,Amsterdam,1108
363,Amsterdam,1109
375,Beverwijk,1941
375,Beverwijk,1942
375,Beverwijk,1943
375,Beverwijk,1944
375,Beverwijk,1945
375,Beverwijk,1946
375,Beverwijk,1947
375,Beverwijk,1948
375,Beverwijk,1949
376,Blaricum,1261
376,Blaricum,1262
377,Bloemendaal,2051
377,Bloemendaal,2061
377,Bloemendaal,2111
377,Bloemendaal,2114
377,Bloemendaal,2121
383,Castricum,1489
383,Castricum,1901
383,Castricum,1902
383,Castricum,1906
383,Castricum,1921
384,Diemen,1111
384,Diemen,1112
384,Diemen,1113
385,Edam-Volendam,1131
385,Edam-Volendam,1132
385,Edam-Volendam,1135
385,Edam-Volendam,1471
385,Edam-Volendam,1472
385,Edam-Volendam,1473
385,Edam-Volendam,1474
385,Edam-Volendam,1475
385,Edam-Volendam,1476
385,Edam-Volendam,1477
385,Edam-Volendam,1481
388,Enkhuizen,1601
388,Enkhuizen,1602
392,Haarlem,2011
392,Haarlem,2012
392,Haarlem,2013
392,Haarlem,2014
392,Haarlem,2015
392,Haarlem,2019
392,Haarlem,2021
392,Haarlem,2022
392,Haarlem,2023
392,Haarlem,2024
392,Haarlem,2025
392,Haarlem,2026
392,Haarlem,2031
392,Haarlem,2032
392,Haarlem,2033
392,Haarlem,2034
392,Haarlem,2035
392,Haarlem,2036
392,Haarlem,2037
392,Haarlem,2063
394,Haarlemmermeer,1117
394,Haarlemmermeer,1118
394,Haarlemmermeer,1119
394,Haarlemmermeer,1161
394,Haarlemmermeer,1165
394,Haarlemmermeer,1171
394,Haarlemmermeer,1175
394,Haarlemmermeer,1435
394,Haarlemmermeer,1436
394,Haarlemmermeer,1437
394,Haarlemmermeer,1438
394,Haarlemmermeer,2064
394,Haarlemmermeer,2065
394,Haarlemmermeer,2131
394,Haarlemmermeer,2132
394,Haarlemmermeer,2133
394,Haarlemmermeer,2134
394,Haarlemmermeer,2135
394,Haarlemmermeer,2136
394,Haarlemmermeer,2141
394,Haarlemmermeer,2142
394,Haarlemmermeer,2143
394,Haarlemmermeer,2144
394,Haarlemmermeer,2151
394,Haarlemmermeer,2152
394,Haarlemmermeer,2153
394,Haarlemmermeer,2154
394,Haarlemmermeer,2155
394,Haarlemmermeer,2156
394,Haarlemmermeer,2157
394,Haarlemmermeer,2158
394,Haarlemmermeer,2165
396,Heemskerk,1961
396,Heemskerk,1962
396,Heemskerk,1963
396,Heemskerk,1964
396,Heemskerk,1965
396,Heemskerk,1966
396,Heemskerk,1967
396,Heemskerk,1968
396,Heemskerk,1969
397,Heemstede,2101
397,Heemstede,2102
397,Heemstede,2103
397,Heemstede,2104
397,Heemstede,2105
397,Heemstede,2106
397,Heemstede,2114
399,Heiloo,1851
399,Heiloo,1852
399,Heiloo,1853
373,Bergen (NH),1861
373,Bergen (NH),1862
373,Bergen (NH),1865
373,Bergen (NH),1871
373,Bergen (NH),1873
373,Bergen (NH),1931
373,Bergen (NH),1934
373,Bergen (NH),1935
400,Den Helder,1781
400,Den Helder,1782
400,Den Helder,1783
400,Den Helder,1784
400,Den Helder,1785
400,Den Helder,1786
400,Den Helder,1787
400,Den Helder,1788
400,Den Helder,1789
402,Hilversum,1211
402,Hilversum,1212
402,Hilversum,1213
402,Hilversum,1214
402,Hilversum,1215
402,Hilversum,1216
402,Hilversum,1217
402,Hilversum,1218
402,Hilversum,1221
402,Hilversum,1222
402,Hilversum,1223
405,Hoorn,1621
405,Hoorn,1622
405,Hoorn,1623
405,Hoorn,1624
405,Hoorn,1625
405,Hoorn,1627
405,Hoorn,1628
405,Hoorn,1689
405,Hoorn,1695
406,Huizen,1271
406,Huizen,1272
406,Huizen,1273
406,Huizen,1274
406,Huizen,1275
406,Huizen,1276
406,Huizen,1277
415,Landsmeer,1121
415,Landsmeer,1127
415,Landsmeer,1451
417,Laren,1251
417,Laren,1252
417,Laren,1261
420,Medemblik,1619
420,Medemblik,1654
420,Medemblik,1655
420,Medemblik,1657
420,Medemblik,1658
420,Medemblik,1671
420,Medemblik,1674
420,Medemblik,1676
420,Medemblik,1678
420,Medemblik,1679
420,Medemblik,1681
420,Medemblik,1682
420,Medemblik,1683
420,Medemblik,1684
420,Medemblik,1685
420,Medemblik,1686
420,Medemblik,1687
420,Medemblik,1688
420,Medemblik,1691
420,Medemblik,1692
420,Medemblik,1693
431,Oostzaan,1511
432,Opmeer,1661
432,Opmeer,1662
432,Opmeer,1663
432,Opmeer,1715
432,Opmeer,1716
432,Opmeer,1718
432,Opmeer,1719
437,Ouder-Amstel,1114
437,Ouder-Amstel,1115
437,Ouder-Amstel,1191
439,Purmerend,1441
439,Purmerend,1442
439,Purmerend,1443
439,Purmerend,1444
439,Purmerend,1445
439,Purmerend,1446
439,Purmerend,1447
439,Purmerend,1448
439,Purmerend,1461
439,Purmerend,1462
439,Purmerend,1463
439,Purmerend,1464
441,Schagen,1724
441,Schagen,1738
441,Schagen,1741
441,Schagen,1742
441,Schagen,1744
441,Schagen,1746
441,Schagen,1747
441,Schagen,1749
441,Schagen,1751
441,Schagen,1752
441,Schagen,1753
441,Schagen,1754
441,Schagen,1755
441,Schagen,1756
441,Schagen,1757
441,Schagen,1759
448,Texel,1791
448,Texel,1792
448,Texel,1793
448,Texel,1794
448,Texel,1795
448,Texel,1796
448,Texel,1797
450,Uitgeest,1911
451,Uithoorn,1421
451,Uithoorn,1422
451,Uithoorn,1423
451,Uithoorn,1424
453,Velsen,1951
453,Velsen,1971
453,Velsen,1972
453,Velsen,1973
453,Velsen,1974
453,Velsen,1975
453,Velsen,1976
453,Velsen,1981
453,Velsen,1985
453,Velsen,1991
453,Velsen,1992
453,Velsen,2071
453,Velsen,2082
457,Weesp,1381
457,Weesp,1382
457,Weesp,1383
457,Weesp,1384
473,Zandvoort,2041
473,Zandvoort,2042
473,Zandvoort,2116
479,Zaanstad,1501
479,Zaanstad,1502
479,Zaanstad,1503
479,Zaanstad,1504
479,Zaanstad,1505
479,Zaanstad,1506
479,Zaanstad,1507
479,Zaanstad,1508
479,Zaanstad,1509
479,Zaanstad,1521
479,Zaanstad,1525
479,Zaanstad,1541
479,Zaanstad,1544
479,Zaanstad,1551
479,Zaanstad,1561
479,Zaanstad,1562
479,Zaanstad,1566
479,Zaanstad,1567
482,Alblasserdam,2951
482,Alblasserdam,2952
482,Alblasserdam,2953
482,Alblasserdam,2954
484,Alphen aan den Rijn,2391
484,Alphen aan den Rijn,2394
484,Alphen aan den Rijn,2396
484,Alphen aan den Rijn,2401
484,Alphen aan den Rijn,2402
484,Alphen aan den Rijn,2403
484,Alphen aan den Rijn,2404
484,Alphen aan den Rijn,2405
484,Alphen aan den Rijn,2406
484,Alphen aan den Rijn,2407
484,Alphen aan den Rijn,2408
484,Alphen aan den Rijn,2409
484,Alphen aan den Rijn,2445
484,Alphen aan den Rijn,2471
484,Alphen aan den Rijn,2731
484,Alphen aan den Rijn,2771
489,Barendrecht,2991
489,Barendrecht,2992
489,Barendrecht,2993
489,Barendrecht,2994
498,Drechterland,1606
498,Drechterland,1607
498,Drechterland,1608
498,Drechterland,1609
498,Drechterland,1616
498,Drechterland,1617
498,Drechterland,1696
498,Drechterland,1697
501,Brielle,3231
501,Brielle,3232
501,Brielle,3237
501,Brielle,3238
502,Capelle aan den IJssel,2901
502,Capelle aan den IJssel,2902
502,Capelle aan den IJssel,2903
502,Capelle aan den IJssel,2904
502,Capelle aan den IJssel,2905
502,Capelle aan den IJssel,2906
502,Capelle aan den IJssel,2907
502,Capelle aan den IJssel,2908
502,Capelle aan den IJssel,2909
503,Delft,2611
503,Delft,2612
503,Delft,2613
503,Delft,2614
503,Delft,2616
503,Delft,2622
503,Delft,2623
503,Delft,2624
503,Delft,2625
503,Delft,2626
503,Delft,2627
503,Delft,2628
503,Delft,2629
505,Dordrecht,3311
505,Dordrecht,3312
505,Dordrecht,3313
505,Dordrecht,3314
505,Dordrecht,3315
505,Dordrecht,3316
505,Dordrecht,3317
505,Dordrecht,3318
505,Dordrecht,3319
505,Dordrecht,3328
505,Dordrecht,3329
512,Gorinchem,4201
512,Gorinchem,4202
512,Gorinchem,4203
512,Gorinchem,4204
512,Gorinchem,4205
512,Gorinchem,4206
512,Gorinchem,4207
512,Gorinchem,4208
512,Gorinchem,4213
513,Gouda,2801
513,Gouda,2802
513,Gouda,2803
513,Gouda,2804
513,Gouda,2805
513,Gouda,2806
513,Gouda,2807
513,Gouda,2808
513,Gouda,2809
518,'s-Gravenhage,2491
518,'s-Gravenhage,2492
518,'s-Gravenhage,2493
518,'s-Gravenhage,2495
518,'s-Gravenhage,2496
518,'s-Gravenhage,2497
518,'s-Gravenhage,2498
518,'s-Gravenhage,2511
518,'s-Gravenhage,2512
518,'s-Gravenhage,2513
518,'s-Gravenhage,2514
518,'s-Gravenhage,2515
518,'s-Gravenhage,2516
518,'s-Gravenhage,2517
518,'s-Gravenhage,2518
518,'s-Gravenhage,2521
518,'s-Gravenhage,2522
518,'s-Gravenhage,2523
518,'s-Gravenhage,2524
518,'s-Gravenhage,2525
518,'s-Gravenhage,2526
518,'s-Gravenhage,2531
518,'s-Gravenhage,2532
518,'s-Gravenhage,2533
518,'s-Gravenhage,2541
518,'s-Gravenhage,2542
518,'s-Gravenhage,2543
518,'s-Gravenhage,2544
518,'s-Gravenhage,2545
518,'s-Gravenhage,2546
518,'s-Gravenhage,2547
518,'s-Gravenhage,2548
518,'s-Gravenhage,2551
518,'s-Gravenhage,2552
518,'s-Gravenhage,2553
518,'s-Gravenhage,2554
518,'s-Gravenhage,2555
518,'s-Gravenhage,2561
518,'s-Gravenhage,2562
518,'s-Gravenhage,2563
518,'s-Gravenhage,2564
518,'s-Gravenhage,2565
518,'s-Gravenhage,2566
518,'s-Gravenhage,2571
518,'s-Gravenhage,2572
518,'s-Gravenhage,2573
518,'s-Gravenhage,2574
518,'s-Gravenhage,2581
518,'s-Gravenhage,2582
518,'s-Gravenhage,2583
518,'s-Gravenhage,2584
518,'s-Gravenhage,2585
518,'s-Gravenhage,2586
518,'s-Gravenhage,2587
518,'s-Gravenhage,2591
518,'s-Gravenhage,2592
518,'s-Gravenhage,2593
518,'s-Gravenhage,2594
518,'s-Gravenhage,2595
518,'s-Gravenhage,2596
518,'s-Gravenhage,2597
523,Hardinxveld-Giessendam,3371
523,Hardinxveld-Giessendam,3372
523,Hardinxveld-Giessendam,3373
530,Hellevoetsluis,3221
530,Hellevoetsluis,3222
530,Hellevoetsluis,3223
530,Hellevoetsluis,3224
530,Hellevoetsluis,3225
530,Hellevoetsluis,3227
531,Hendrik-Ido-Ambacht,3341
531,Hendrik-Ido-Ambacht,3342
531,Hendrik-Ido-Ambacht,3343
531,Hendrik-Ido-Ambacht,3344
532,Stede Broec,1611
532,Stede Broec,1613
532,Stede Broec,1614
534,Hillegom,2181
534,Hillegom,2182
537,Katwijk,2221
537,Katwijk,2222
537,Katwijk,2223
537,Katwijk,2224
537,Katwijk,2225
537,Katwijk,2231
537,Katwijk,2232
537,Katwijk,2235
537,Katwijk,2236
542,Krimpen aan den IJssel,2921
542,Krimpen aan den IJssel,2922
542,Krimpen aan den IJssel,2923
542,Krimpen aan den IJssel,2924
542,Krimpen aan den IJssel,2925
542,Krimpen aan den IJssel,2926
546,Leiden,2311
546,Leiden,2312
546,Leiden,2313
546,Leiden,2314
546,Leiden,2315
546,Leiden,2316
546,Leiden,2317
546,Leiden,2318
546,Leiden,2321
546,Leiden,2322
546,Leiden,2323
546,Leiden,2324
546,Leiden,2331
546,Leiden,2332
546,Leiden,2333
546,Leiden,2334
547,Leiderdorp,2351
547,Leiderdorp,2352
547,Leiderdorp,2353
553,Lisse,2161
553,Lisse,2162
553,Lisse,2163
556,Maassluis,3141
556,Maassluis,3142
556,Maassluis,3143
556,Maassluis,3144
556,Maassluis,3145
556,Maassluis,3146
556,Maassluis,3147
569,Nieuwkoop,1428
569,Nieuwkoop,2421
569,Nieuwkoop,2431
569,Nieuwkoop,2432
569,Nieuwkoop,2435
569,Nieuwkoop,2441
569,Nieuwkoop,2461
569,Nieuwkoop,3651
569,Nieuwkoop,3652
569,Nieuwkoop,3653
575,Noordwijk,2191
575,Noordwijk,2201
575,Noordwijk,2202
575,Noordwijk,2203
575,Noordwijk,2204
575,Noordwijk,2211
575,Noordwijk,2212
579,Oegstgeest,2341
579,Oegstgeest,2342
579,Oegstgeest,2343
589,Oudewater,3421
589,Oudewater,3425
589,Oudewater,3464
589,Oudewater,3467
590,Papendrecht,3351
590,Papendrecht,3352
590,Papendrecht,3353
590,Papendrecht,3354
590,Papendrecht,3355
590,Papendrecht,3356
597,Ridderkerk,2981
597,Ridderkerk,2982
597,Ridderkerk,2983
597,Ridderkerk,2984
597,Ridderkerk,2985
597,Ridderkerk,2986
597,Ridderkerk,2987
597,Ridderkerk,2988
597,Ridderkerk,2989
599,Rotterdam,3011
599,Rotterdam,3012
599,Rotterdam,3013
599,Rotterdam,3014
599,Rotterdam,3015
599,Rotterdam,3016
599,Rotterdam,3021
599,Rotterdam,3022
599,Rotterdam,3023
599,Rotterdam,3024
599,Rotterdam,3025
599,Rotterdam,3026
599,Rotterdam,3027
599,Rotterdam,3028
599,Rotterdam,3029
599,Rotterdam,3031
599,Rotterdam,3032
599,Rotterdam,3033
599,Rotterdam,3034
599,Rotterdam,3035
599,Rotterdam,3036
599,Rotterdam,3037
599,Rotterdam,3038
599,Rotterdam,3039
599,Rotterdam,3041
599,Rotterdam,3042
599,Rotterdam,3043
599,Rotterdam,3044
599,Rotterdam,3045
599,Rotterdam,3046
599,Rotterdam,3047
599,Rotterdam,3051
599,Rotterdam,3052
599,Rotterdam,3053
599,Rotterdam,3054
599,Rotterdam,3055
599,Rotterdam,3056
599,Rotterdam,3059
599,Rotterdam,3061
599,Rotterdam,3062
599,Rotterdam,3063
599,Rotterdam,3064
599,Rotterdam,3065
599,Rotterdam,3066
599,Rotterdam,3067
599,Rotterdam,3068
599,Rotterdam,3069
599,Rotterdam,3071
599,Rotterdam,3072
599,Rotterdam,3073
599,Rotterdam,3074
599,Rotterdam,3075
599,Rotterdam,3076
599,Rotterdam,3077
599,Rotterdam,3078
599,Rotterdam,3079
599,Rotterdam,3081
599,Rotterdam,3082
599,Rotterdam,3083
599,Rotterdam,3084
599,Rotterdam,3085
599,Rotterdam,3086
599,Rotterdam,3087
599,Rotterdam,3088
599,Rotterdam,3089
599,Rotterdam,3151
599,Rotterdam,3181
599,Rotterdam,3191
599,Rotterdam,3192
599,Rotterdam,3193
599,Rotterdam,3194
599,Rotterdam,3195
599,Rotterdam,3196
599,Rotterdam,3197
599,Rotterdam,3198
599,Rotterdam,3199
603,Rijswijk,2281
603,Rijswijk,2282
603,Rijswijk,2283
603,Rijswijk,2284
603,Rijswijk,2285
603,Rijswijk,2286
603,Rijswijk,2287
603,Rijswijk,2288
603,Rijswijk,2289
606,Schiedam,3111
606,Schiedam,3112
606,Schiedam,3113
606,Schiedam,3114
606,Schiedam,3115
606,Schiedam,3116
606,Schiedam,3117
606,Schiedam,3118
606,Schiedam,3119
606,Schiedam,3121
606,Schiedam,3122
606,Schiedam,3123
606,Schiedam,3124
606,Schiedam,3125
610,Sliedrecht,3361
610,Sliedrecht,3362
610,Sliedrecht,3363
610,Sliedrecht,3364
613,Albrandswaard,3161
613,Albrandswaard,3162
613,Albrandswaard,3165
613,Albrandswaard,3171
613,Albrandswaard,3172
613,Albrandswaard,3176
614,Westvoorne,3233
614,Westvoorne,3234
614,Westvoorne,3235
622,Vlaardingen,3131
622,Vlaardingen,3132
622,Vlaardingen,3133
622,Vlaardingen,3134
622,Vlaardingen,3135
622,Vlaardingen,3136
622,Vlaardingen,3137
622,Vlaardingen,3138
626,Voorschoten,2251
626,Voorschoten,2252
626,Voorschoten,2253
626,Voorschoten,2254
627,Waddinxveen,2741
627,Waddinxveen,2742
627,Waddinxveen,2743
629,Wassenaar,2241
629,Wassenaar,2242
629,Wassenaar,2243
629,Wassenaar,2244
629,Wassenaar,2245
632,Woerden,3441
632,Woerden,3442
632,Woerden,3443
632,Woerden,3444
632,Woerden,3445
632,Woerden,3446
632,Woerden,3447
632,Woerden,3448
632,Woerden,3449
632,Woerden,3471
632,Woerden,3474
632,Woerden,3481
637,Zoetermeer,2711
637,Zoetermeer,2712
637,Zoetermeer,2713
637,Zoetermeer,2715
637,Zoetermeer,2716
637,Zoetermeer,2717
637,Zoetermeer,2718
637,Zoetermeer,2719
637,Zoetermeer,2721
637,Zoetermeer,2722
637,Zoetermeer,2723
637,Zoetermeer,2724
637,Zoetermeer,2725
637,Zoetermeer,2726
637,Zoetermeer,2727
637,Zoetermeer,2728
637,Zoetermeer,2729
638,Zoeterwoude,2381
638,Zoeterwoude,2382
638,Zoeterwoude,2735
642,Zwijndrecht,2995
642,Zwijndrecht,3331
642,Zwijndrecht,3332
642,Zwijndrecht,3333
642,Zwijndrecht,3334
642,Zwijndrecht,3335
642,Zwijndrecht,3336
654,Borsele,4431
654,Borsele,4433
654,Borsele,4434
654,Borsele,4435
654,Borsele,4436
654,Borsele,4437
654,Borsele,4438
654,Borsele,4441
654,Borsele,4443
654,Borsele,4444
654,Borsele,4451
654,Borsele,4453
654,Borsele,4454
654,Borsele,4455
654,Borsele,4456
664,Goes,4458
664,Goes,4461
664,Goes,4462
664,Goes,4463
664,Goes,4464
664,Goes,4465
664,Goes,4471
664,Goes,4472
664,Goes,4474
664,Goes,4475
664,Goes,4481
668,West Maas en Waal,6621
668,West Maas en Waal,6626
668,West Maas en Waal,6627
668,West Maas en Waal,6628
668,West Maas en Waal,6629
668,West Maas en Waal,6657
668,West Maas en Waal,6658
668,West Maas en Waal,6659
677,Hulst,4561
677,Hulst,4562
677,Hulst,4564
677,Hulst,4565
677,Hulst,4566
677,Hulst,4567
677,Hulst,4568
677,Hulst,4569
677,Hulst,4581
677,Hulst,4583
677,Hulst,4584
677,Hulst,4585
677,Hulst,4586
677,Hulst,4587
677,Hulst,4588
677,Hulst,4589
678,Kapelle,4421
678,Kapelle,4423
678,Kapelle,4424
678,Kapelle,4482
687,Middelburg,4331
687,Middelburg,4332
687,Middelburg,4333
687,Middelburg,4334
687,Middelburg,4335
687,Middelburg,4336
687,Middelburg,4337
687,Middelburg,4338
687,Middelburg,4339
687,Middelburg,4341
703,Reimerswaal,4401
703,Reimerswaal,4411
703,Reimerswaal,4413
703,Reimerswaal,4414
703,Reimerswaal,4415
703,Reimerswaal,4416
703,Reimerswaal,4417
715,Terneuzen,4521
715,Terneuzen,4531
715,Terneuzen,4532
715,Terneuzen,4533
715,Terneuzen,4535
715,Terneuzen,4536
715,Terneuzen,4537
715,Terneuzen,4538
715,Terneuzen,4539
715,Terneuzen,4541
715,Terneuzen,4542
715,Terneuzen,4543
715,Terneuzen,4551
715,Terneuzen,4553
715,Terneuzen,4554
715,Terneuzen,4571
715,Terneuzen,4574
715,Terneuzen,4575
715,Terneuzen,4576
716,Tholen,4675
716,Tholen,4691
716,Tholen,4693
716,Tholen,4694
716,Tholen,4695
716,Tholen,4696
716,Tholen,4697
716,Tholen,4698
717,Veere,4351
717,Veere,4352
717,Veere,4353
717,Veere,4354
717,Veere,4356
717,Veere,4357
717,Veere,4361
717,Veere,4363
717,Veere,4364
717,Veere,4365
717,Veere,4371
717,Veere,4373
717,Veere,4374
718,Vlissingen,4381
718,Vlissingen,4382
718,Vlissingen,4383
718,Vlissingen,4384
718,Vlissingen,4385
718,Vlissingen,4386
718,Vlissingen,4387
718,Vlissingen,4388
718,Vlissingen,4389
736,De Ronde Venen,1391
736,De Ronde Venen,1396
736,De Ronde Venen,1426
736,De Ronde Venen,1427
736,De Ronde Venen,3641
736,De Ronde Venen,3642
736,De Ronde Venen,3643
736,De Ronde Venen,3645
736,De Ronde Venen,3646
736,De Ronde Venen,3648
737,Tytsjerksteradiel,9061
737,Tytsjerksteradiel,9062
737,Tytsjerksteradiel,9063
737,Tytsjerksteradiel,9064
737,Tytsjerksteradiel,9091
737,Tytsjerksteradiel,9251
737,Tytsjerksteradiel,9254
737,Tytsjerksteradiel,9255
737,Tytsjerksteradiel,9256
737,Tytsjerksteradiel,9257
737,Tytsjerksteradiel,9258
737,Tytsjerksteradiel,9261
737,Tytsjerksteradiel,9262
737,Tytsjerksteradiel,9263
737,Tytsjerksteradiel,9264
737,Tytsjerksteradiel,9265
743,Asten,5721
743,Asten,5722
743,Asten,5724
743,Asten,5725
744,Baarle-Nassau,5111
744,Baarle-Nassau,5113
744,Baarle-Nassau,5114
748,Bergen op Zoom,4611
748,Bergen op Zoom,4612
748,Bergen op Zoom,4613
748,Bergen op Zoom,4614
748,Bergen op Zoom,4615
748,Bergen op Zoom,4616
748,Bergen op Zoom,4617
748,Bergen op Zoom,4621
748,Bergen op Zoom,4622
748,Bergen op Zoom,4623
748,Bergen op Zoom,4624
748,Bergen op Zoom,4625
748,Bergen op Zoom,4661
748,Bergen op Zoom,4664
753,Best,5681
753,Best,5682
753,Best,5683
753,Best,5684
753,Best,5685
755,Boekel,5427
755,Boekel,5428
757,Boxtel,5281
757,Boxtel,5282
757,Boxtel,5283
757,Boxtel,5296
757,Boxtel,5298
758,Breda,4811
758,Breda,4812
758,Breda,4813
758,Breda,4814
758,Breda,4815
758,Breda,4816
758,Breda,4817
758,Breda,4818
758,Breda,4819
758,Breda,4822
758,Breda,4823
758,Breda,4824
758,Breda,4825
758,Breda,4826
758,Breda,4827
758,Breda,4834
758,Breda,4835
758,Breda,4836
758,Breda,4837
758,Breda,4838
758,Breda,4839
758,Breda,4841
758,Breda,4847
758,Breda,4851
758,Breda,4854
762,Deurne,5751
762,Deurne,5752
762,Deurne,5753
762,Deurne,5754
762,Deurne,5756
762,Deurne,5757
762,Deurne,5758
762,Deurne,5759
765,Pekela,9663
765,Pekela,9665
766,Dongen,5101
766,Dongen,5102
766,Dongen,5103
766,Dongen,5104
766,Dongen,5105
766,Dongen,5106
766,Dongen,5107
766,Dongen,5109
770,Eersel,5504
770,Eersel,5511
770,Eersel,5512
770,Eersel,5513
770,Eersel,5521
770,Eersel,5524
770,Eersel,5525
772,Eindhoven,5611
772,Eindhoven,5612
772,Eindhoven,5613
772,Eindhoven,5614
772,Eindhoven,5615
772,Eindhoven,5616
772,Eindhoven,5617
772,Eindhoven,5621
772,Eindhoven,5622
772,Eindhoven,5623
772,Eindhoven,5624
772,Eindhoven,5625
772,Eindhoven,5626
772,Eindhoven,5627
772,Eindhoven,5628
772,Eindhoven,5629
772,Eindhoven,5631
772,Eindhoven,5632
772,Eindhoven,5633
772,Eindhoven,5641
772,Eindhoven,5642
772,Eindhoven,5643
772,Eindhoven,5644
772,Eindhoven,5645
772,Eindhoven,5646
772,Eindhoven,5647
772,Eindhoven,5651
772,Eindhoven,5652
772,Eindhoven,5653
772,Eindhoven,5654
772,Eindhoven,5655
772,Eindhoven,5656
772,Eindhoven,5657
772,Eindhoven,5658
777,Etten-Leur,4871
777,Etten-Leur,4872
777,Etten-Leur,4873
777,Etten-Leur,4874
777,Etten-Leur,4875
777,Etten-Leur,4876
777,Etten-Leur,4877
777,Etten-Leur,4878
777,Etten-Leur,4879
779,Geertruidenberg,4931
779,Geertruidenberg,4941
779,Geertruidenberg,4942
779,Geertruidenberg,4944
784,Gilze en Rijen,5121
784,Gilze en Rijen,5122
784,Gilze en Rijen,5124
784,Gilze en Rijen,5125
784,Gilze en Rijen,5126
785,Goirle,5051
785,Goirle,5052
785,Goirle,5053
785,Goirle,5133
794,Helmond,5701
794,Helmond,5702
794,Helmond,5703
794,Helmond,5704
794,Helmond,5705
794,Helmond,5706
794,Helmond,5707
794,Helmond,5708
794,Helmond,5709
796,'s-Hertogenbosch,5211
796,'s-Hertogenbosch,5212
796,'s-Hertogenbosch,5213
796,'s-Hertogenbosch,5215
796,'s-Hertogenbosch,5216
796,'s-Hertogenbosch,5221
796,'s-Hertogenbosch,5222
796,'s-Hertogenbosch,5223
796,'s-Hertogenbosch,5224
796,'s-Hertogenbosch,5231
796,'s-Hertogenbosch,5232
796,'s-Hertogenbosch,5233
796,'s-Hertogenbosch,5234
796,'s-Hertogenbosch,5235
796,'s-Hertogenbosch,5236
796,'s-Hertogenbosch,5237
796,'s-Hertogenbosch,5241
796,'s-Hertogenbosch,5242
796,'s-Hertogenbosch,5243
796,'s-Hertogenbosch,5244
796,'s-Hertogenbosch,5245
796,'s-Hertogenbosch,5246
796,'s-Hertogenbosch,5247
796,'s-Hertogenbosch,5248
796,'s-Hertogenbosch,5249
796,'s-Hertogenbosch,5381
796,'s-Hertogenbosch,5382
796,'s-Hertogenbosch,5383
796,'s-Hertogenbosch,5391
796,'s-Hertogenbosch,5392
797,Heusden,5151
797,Heusden,5152
797,Heusden,5154
797,Heusden,5156
797,Heusden,5157
797,Heusden,5158
797,Heusden,5251
797,Heusden,5252
797,Heusden,5253
797,Heusden,5254
797,Heusden,5255
797,Heusden,5256
797,Heusden,5257
798,Hilvarenbeek,5081
798,Hilvarenbeek,5084
798,Hilvarenbeek,5085
798,Hilvarenbeek,5087
798,Hilvarenbeek,5089
798,Hilvarenbeek,5091
809,Loon op Zand,5171
809,Loon op Zand,5172
809,Loon op Zand,5175
809,Loon op Zand,5176
820,Nuenen,5671
820,Nuenen,5672
820,Nuenen,5673
820,Nuenen,5674
823,Oirschot,5091
823,Oirschot,5688
823,Oirschot,5689
824,Oisterwijk,5059
824,Oisterwijk,5061
824,Oisterwijk,5062
824,Oisterwijk,5063
824,Oisterwijk,5066
824,Oisterwijk,5076
826,Oosterhout,4849
826,Oosterhout,4901
826,Oosterhout,4902
826,Oosterhout,4903
826,Oosterhout,4904
826,Oosterhout,4905
826,Oosterhout,4906
826,Oosterhout,4907
826,Oosterhout,4908
826,Oosterhout,4909
826,Oosterhout,4911
828,Oss,5341
828,Oss,5342
828,Oss,5343
828,Oss,5344
828,Oss,5345
828,Oss,5346
828,Oss,5347
828,Oss,5348
828,Oss,5349
828,Oss,5351
828,Oss,5352
828,Oss,5353
828,Oss,5354
828,Oss,5355
828,Oss,5356
828,Oss,5357
828,Oss,5358
828,Oss,5359
828,Oss,5366
828,Oss,5367
828,Oss,5368
828,Oss,5371
828,Oss,5373
828,Oss,5386
828,Oss,5394
828,Oss,5395
828,Oss,5396
828,Oss,5397
828,Oss,5398
840,Rucphen,4711
840,Rucphen,4714
840,Rucphen,4715
840,Rucphen,4721
840,Rucphen,4722
840,Rucphen,4735
845,Sint-Michielsgestel,5258
845,Sint-Michielsgestel,5271
845,Sint-Michielsgestel,5272
845,Sint-Michielsgestel,5275
845,Sint-Michielsgestel,5291
845,Sint-Michielsgestel,5292
845,Sint-Michielsgestel,5293
845,Sint-Michielsgestel,5294
847,Someren,5711
847,Someren,5712
847,Someren,5715
848,Son en Breugel,5691
848,Son en Breugel,5692
848,Son en Breugel,5694
851,Steenbergen,4651
851,Steenbergen,4652
851,Steenbergen,4655
851,Steenbergen,4671
851,Steenbergen,4681
851,Steenbergen,4756
852,Waterland,1141
852,Waterland,1145
852,Waterland,1151
852,Waterland,1153
852,Waterland,1154
852,Waterland,1156
852,Waterland,1452
852,Waterland,1454
852,Waterland,1482
855,Tilburg,5011
855,Tilburg,5012
855,Tilburg,5013
855,Tilburg,5014
855,Tilburg,5015
855,Tilburg,5017
855,Tilburg,5018
855,Tilburg,5021
855,Tilburg,5022
855,Tilburg,5025
855,Tilburg,5026
855,Tilburg,5032
855,Tilburg,5035
855,Tilburg,5036
855,Tilburg,5037
855,Tilburg,5038
855,Tilburg,5041
855,Tilburg,5042
855,Tilburg,5043
855,Tilburg,5044
855,Tilburg,5045
855,Tilburg,5046
855,Tilburg,5047
855,Tilburg,5048
855,Tilburg,5049
855,Tilburg,5056
855,Tilburg,5057
855,Tilburg,5071
855,Tilburg,5074
858,Valkenswaard,5551
858,Valkenswaard,5552
858,Valkenswaard,5553
858,Valkenswaard,5554
858,Valkenswaard,5555
858,Valkenswaard,5556
861,Veldhoven,5501
861,Veldhoven,5502
861,Veldhoven,5503
861,Veldhoven,5504
861,Veldhoven,5505
861,Veldhoven,5506
861,Veldhoven,5507
861,Veldhoven,5508
861,Veldhoven,5509
865,Vught,5261
865,Vught,5262
865,Vught,5263
865,Vught,5264
865,Vught,5266
865,Vught,5268
866,Waalre,5581
866,Waalre,5582
866,Waalre,5583
867,Waalwijk,5141
867,Waalwijk,5142
867,Waalwijk,5143
867,Waalwijk,5144
867,Waalwijk,5145
867,Waalwijk,5146
867,Waalwijk,5161
867,Waalwijk,5165
873,Woensdrecht,4631
873,Woensdrecht,4634
873,Woensdrecht,4635
873,Woensdrecht,4641
873,Woensdrecht,4645
879,Zundert,4881
879,Zundert,4882
879,Zundert,4884
879,Zundert,4885
879,Zundert,4891
880,Wormerland,1456
880,Wormerland,1458
880,Wormerland,1531
880,Wormerland,1534
880,Wormerland,1546
882,Landgraaf,6367
882,Landgraaf,6371
882,Landgraaf,6372
882,Landgraaf,6373
882,Landgraaf,6374
888,Beek,6176
888,Beek,6191
888,Beek,6199
889,Beesel,5953
889,Beesel,5954
893,Bergen (L),5851
893,Bergen (L),5853
893,Bergen (L),5854
893,Bergen (L),5855
893,Bergen (L),5856
899,Brunssum,6441
899,Brunssum,6442
899,Brunssum,6443
899,Brunssum,6444
899,Brunssum,6445
899,Brunssum,6446
907,Gennep,6591
907,Gennep,6595
907,Gennep,6596
907,Gennep,6598
907,Gennep,6599
917,Heerlen,6411
917,Heerlen,6412
917,Heerlen,6413
917,Heerlen,6414
917,Heerlen,6415
917,Heerlen,6416
917,Heerlen,6417
917,Heerlen,6418
917,Heerlen,6419
917,Heerlen,6421
917,Heerlen,6422
917,Heerlen,6431
917,Heerlen,6432
917,Heerlen,6433
928,Kerkrade,6461
928,Kerkrade,6462
928,Kerkrade,6463
928,Kerkrade,6464
928,Kerkrade,6465
928,Kerkrade,6466
928,Kerkrade,6467
928,Kerkrade,6468
928,Kerkrade,6469
928,Kerkrade,6471
935,Maastricht,6211
935,Maastricht,6212
935,Maastricht,6213
935,Maastricht,6214
935,Maastricht,6215
935,Maastricht,6216
935,Maastricht,6217
935,Maastricht,6218
935,Maastricht,6219
935,Maastricht,6221
935,Maastricht,6222
935,Maastricht,6223
935,Maastricht,6224
935,Maastricht,6225
935,Maastricht,6226
935,Maastricht,6227
935,Maastricht,6228
935,Maastricht,6229
938,Meerssen,6231
938,Meerssen,6235
938,Meerssen,6237
938,Meerssen,6241
938,Meerssen,6243
944,Mook en Middelaar,6584
944,Mook en Middelaar,6585
944,Mook en Middelaar,6586
944,Mook en Middelaar,6587
946,Nederweert,6031
946,Nederweert,6034
946,Nederweert,6035
946,Nederweert,6091
946,Nederweert,6092
957,Roermond,6041
957,Roermond,6042
957,Roermond,6043
957,Roermond,6044
957,Roermond,6045
957,Roermond,6049
957,Roermond,6071
965,Simpelveld,6351
965,Simpelveld,6353
965,Simpelveld,6369
971,Stein,6129
971,Stein,6171
971,Stein,6181
981,Vaals,6291
981,Vaals,6294
981,Vaals,6295
983,Venlo,5911
983,Venlo,5912
983,Venlo,5913
983,Venlo,5914
983,Venlo,5915
983,Venlo,5916
983,Venlo,5921
983,Venlo,5922
983,Venlo,5923
983,Venlo,5924
983,Venlo,5925
983,Venlo,5926
983,Venlo,5927
983,Venlo,5928
983,Venlo,5931
983,Venlo,5932
983,Venlo,5935
983,Venlo,5941
983,Venlo,5943
983,Venlo,5944
983,Venlo,5951
984,Venray,5801
984,Venray,5802
984,Venray,5803
984,Venray,5804
984,Venray,5807
984,Venray,5808
984,Venray,5809
984,Venray,5811
984,Venray,5812
984,Venray,5813
984,Venray,5814
984,Venray,5815
984,Venray,5816
984,Venray,5817
984,Venray,5861
984,Venray,5862
984,Venray,5863
986,Voerendaal,6311
986,Voerendaal,6312
986,Voerendaal,6343
986,Voerendaal,6367
988,Weert,6001
988,Weert,6002
988,Weert,6003
988,Weert,6004
988,Weert,6005
988,Weert,6006
988,Weert,6039
994,Valkenburg aan de Geul,6301
994,Valkenburg aan de Geul,6305
994,Valkenburg aan de Geul,6325
994,Valkenburg aan de Geul,6341
994,Valkenburg aan de Geul,6342
995,Lelystad,8211
995,Lelystad,8212
995,Lelystad,8218
995,Lelystad,8219
995,Lelystad,8221
995,Lelystad,8222
995,Lelystad,8223
995,Lelystad,8224
995,Lelystad,8225
995,Lelystad,8226
995,Lelystad,8231
995,Lelystad,8232
995,Lelystad,8233
995,Lelystad,8239
995,Lelystad,8241
995,Lelystad,8242
995,Lelystad,8243
995,Lelystad,8244
995,Lelystad,8245
1507,Horst aan de Maas,5766
1507,Horst aan de Maas,5864
1507,Horst aan de Maas,5865
1507,Horst aan de Maas,5866
1507,Horst aan de Maas,5871
1507,Horst aan de Maas,5872
1507,Horst aan de Maas,5961
1507,Horst aan de Maas,5962
1507,Horst aan de Maas,5963
1507,Horst aan de Maas,5964
1507,Horst aan de Maas,5966
1507,Horst aan de Maas,5971
1507,Horst aan de Maas,5973
1507,Horst aan de Maas,5975
1507,Horst aan de Maas,5976
1507,Horst aan de Maas,5977
1509,Oude IJsselstreek,7011
1509,Oude IJsselstreek,7051
1509,Oude IJsselstreek,7054
1509,Oude IJsselstreek,7055
1509,Oude IJsselstreek,7061
1509,Oude IJsselstreek,7064
1509,Oude IJsselstreek,7065
1509,Oude IJsselstreek,7071
1509,Oude IJsselstreek,7075
1509,Oude IJsselstreek,7076
1509,Oude IJsselstreek,7077
1509,Oude IJsselstreek,7078
1509,Oude IJsselstreek,7081
1509,Oude IJsselstreek,7083
1509,Oude IJsselstreek,7084
1525,Teylingen,2171
1525,Teylingen,2172
1525,Teylingen,2215
1525,Teylingen,2216
1525,Teylingen,2361
1525,Teylingen,2362
1581,Utrechtse Heuvelrug,3941
1581,Utrechtse Heuvelrug,3951
1581,Utrechtse Heuvelrug,3953
1581,Utrechtse Heuvelrug,3956
1581,Utrechtse Heuvelrug,3958
1581,Utrechtse Heuvelrug,3959
1581,Utrechtse Heuvelrug,3971
1581,Utrechtse Heuvelrug,3972
1586,Oost Gelre,7131
1586,Oost Gelre,7132
1586,Oost Gelre,7134
1586,Oost Gelre,7135
1586,Oost Gelre,7136
1586,Oost Gelre,7137
1586,Oost Gelre,7141
1586,Oost Gelre,7142
1586,Oost Gelre,7263
1598,Koggenland,1631
1598,Koggenland,1633
1598,Koggenland,1634
1598,Koggenland,1641
1598,Koggenland,1642
1598,Koggenland,1643
1598,Koggenland,1645
1598,Koggenland,1647
1598,Koggenland,1648
1598,Koggenland,1652
1598,Koggenland,1711
1598,Koggenland,1713
1621,Lansingerland,2651
1621,Lansingerland,2652
1621,Lansingerland,2661
1621,Lansingerland,2662
1621,Lansingerland,2665
1640,Leudal,6011
1640,Leudal,6012
1640,Leudal,6013
1640,Leudal,6014
1640,Leudal,6015
1640,Leudal,6037
1640,Leudal,6081
1640,Leudal,6082
1640,Leudal,6083
1640,Leudal,6085
1640,Leudal,6086
1640,Leudal,6088
1640,Leudal,6089
1640,Leudal,6093
1640,Leudal,6095
1640,Leudal,6096
1641,Maasgouw,6017
1641,Maasgouw,6019
1641,Maasgouw,6051
1641,Maasgouw,6067
1641,Maasgouw,6097
1641,Maasgouw,6099
1641,Maasgouw,6107
1641,Maasgouw,6109
1652,Gemert-Bakel,5421
1652,Gemert-Bakel,5422
1652,Gemert-Bakel,5423
1652,Gemert-Bakel,5424
1652,Gemert-Bakel,5425
1652,Gemert-Bakel,5761
1652,Gemert-Bakel,5763
1652,Gemert-Bakel,5764
1655,Halderberge,4731
1655,Halderberge,4741
1655,Halderberge,4744
1655,Halderberge,4751
1655,Halderberge,4754
1658,Heeze-Leende,5591
1658,Heeze-Leende,5595
1658,Heeze-Leende,6029
1659,Laarbeek,5735
1659,Laarbeek,5737
1659,Laarbeek,5738
1659,Laarbeek,5741
1667,Reusel-De Mierden,5094
1667,Reusel-De Mierden,5095
1667,Reusel-De Mierden,5096
1667,Reusel-De Mierden,5541
1669,Roerdalen,6061
1669,Roerdalen,6063
1669,Roerdalen,6065
1669,Roerdalen,6074
1669,Roerdalen,6075
1669,Roerdalen,6077
1674,Roosendaal,4701
1674,Roosendaal,4702
1674,Roosendaal,4703
1674,Roosendaal,4704
1674,Roosendaal,4705
1674,Roosendaal,4706
1674,Roosendaal,4707
1674,Roosendaal,4708
1674,Roosendaal,4709
1674,Roosendaal,4715
1674,Roosendaal,4724
1674,Roosendaal,4725
1674,Roosendaal,4726
1674,Roosendaal,4727
1676,Schouwen-Duiveland,4301
1676,Schouwen-Duiveland,4302
1676,Schouwen-Duiveland,4303
1676,Schouwen-Duiveland,4305
1676,Schouwen-Duiveland,4306
1676,Schouwen-Duiveland,4307
1676,Schouwen-Duiveland,4308
1676,Schouwen-Duiveland,4311
1676,Schouwen-Duiveland,4315
1676,Schouwen-Duiveland,4316
1676,Schouwen-Duiveland,4317
1676,Schouwen-Duiveland,4318
1676,Schouwen-Duiveland,4321
1676,Schouwen-Duiveland,4322
1676,Schouwen-Duiveland,4323
1676,Schouwen-Duiveland,4325
1676,Schouwen-Duiveland,4326
1676,Schouwen-Duiveland,4327
1676,Schouwen-Duiveland,4328
1680,Aa en Hunze,9443
1680,Aa en Hunze,9444
1680,Aa en Hunze,9445
1680,Aa en Hunze,9446
1680,Aa en Hunze,9447
1680,Aa en Hunze,9448
1680,Aa en Hunze,9449
1680,Aa en Hunze,9451
1680,Aa en Hunze,9452
1680,Aa en Hunze,9453
1680,Aa en Hunze,9454
1680,Aa en Hunze,9455
1680,Aa en Hunze,9456
1680,Aa en Hunze,9457
1680,Aa en Hunze,9458
1680,Aa en Hunze,9459
1680,Aa en Hunze,9461
1680,Aa en Hunze,9462
1680,Aa en Hunze,9463
1680,Aa en Hunze,9464
1680,Aa en Hunze,9465
1680,Aa en Hunze,9466
1680,Aa en Hunze,9467
1680,Aa en Hunze,9468
1680,Aa en Hunze,9469
1680,Aa en Hunze,9511
1680,Aa en Hunze,9512
1680,Aa en Hunze,9514
1680,Aa en Hunze,9515
1680,Aa en Hunze,9654
1680,Aa en Hunze,9655
1680,Aa en Hunze,9656
1680,Aa en Hunze,9657
1680,Aa en Hunze,9658
1680,Aa en Hunze,9659
1681,Borger-Odoorn,7858
1681,Borger-Odoorn,7859
1681,Borger-Odoorn,7871
1681,Borger-Odoorn,7872
1681,Borger-Odoorn,7873
1681,Borger-Odoorn,7874
1681,Borger-Odoorn,7875
1681,Borger-Odoorn,7876
1681,Borger-Odoorn,7877
1681,Borger-Odoorn,9521
1681,Borger-Odoorn,9523
1681,Borger-Odoorn,9524
1681,Borger-Odoorn,9525
1681,Borger-Odoorn,9526
1681,Borger-Odoorn,9527
1681,Borger-Odoorn,9528
1681,Borger-Odoorn,9531
1681,Borger-Odoorn,9533
1681,Borger-Odoorn,9534
1681,Borger-Odoorn,9535
1681,Borger-Odoorn,9536
1681,Borger-Odoorn,9537
1681,Borger-Odoorn,9564
1681,Borger-Odoorn,9571
1681,Borger-Odoorn,9573
1681,Borger-Odoorn,9574
1690,De Wolden,7705
1690,De Wolden,7921
1690,De Wolden,7924
1690,De Wolden,7925
1690,De Wolden,7926
1690,De Wolden,7927
1690,De Wolden,7932
1690,De Wolden,7935
1690,De Wolden,7957
1690,De Wolden,7958
1690,De Wolden,7961
1690,De Wolden,7963
1690,De Wolden,7964
1695,Noord-Beveland,4484
1695,Noord-Beveland,4485
1695,Noord-Beveland,4486
1695,Noord-Beveland,4491
1695,Noord-Beveland,4493
1695,Noord-Beveland,4494
1696,Wijdemeren,1231
1696,Wijdemeren,1241
1696,Wijdemeren,1243
1696,Wijdemeren,1244
1696,Wijdemeren,1394
1696,Wijdemeren,3625
1699,Noordenveld,9301
1699,Noordenveld,9302
1699,Noordenveld,9304
1699,Noordenveld,9305
1699,Noordenveld,9306
1699,Noordenveld,9307
1699,Noordenveld,9311
1699,Noordenveld,9312
1699,Noordenveld,9313
1699,Noordenveld,9314
1699,Noordenveld,9315
1699,Noordenveld,9321
1699,Noordenveld,9331
1699,Noordenveld,9333
1699,Noordenveld,9334
1699,Noordenveld,9335
1699,Noordenveld,9336
1699,Noordenveld,9337
1699,Noordenveld,9341
1699,Noordenveld,9342
1699,Noordenveld,9343
1699,Noordenveld,9749
1700,Twenterand,7671
1700,Twenterand,7672
1700,Twenterand,7675
1700,Twenterand,7676
1700,Twenterand,7681
1700,Twenterand,7683
1700,Twenterand,7686
1700,Twenterand,7693
1700,Twenterand,7694
1701,Westerveld,7933
1701,Westerveld,7963
1701,Westerveld,7964
1701,Westerveld,7971
1701,Westerveld,7973
1701,Westerveld,7974
1701,Westerveld,7975
1701,Westerveld,7981
1701,Westerveld,7983
1701,Westerveld,7984
1701,Westerveld,7985
1701,Westerveld,7986
1701,Westerveld,7991
1701,Westerveld,8351
1701,Westerveld,8381
1701,Westerveld,8382
1701,Westerveld,8383
1701,Westerveld,8384
1701,Westerveld,8385
1701,Westerveld,8386
1701,Westerveld,8387
1701,Westerveld,8437
1701,Westerveld,8438
1701,Westerveld,8439
1701,Westerveld,9417
1701,Westerveld,9423
1705,Lingewaard,6681
1705,Lingewaard,6684
1705,Lingewaard,6685
1705,Lingewaard,6686
1705,Lingewaard,6687
1705,Lingewaard,6691
1705,Lingewaard,6851
1705,Lingewaard,6852
1705,Lingewaard,6924
1706,Cranendonck,6021
1706,Cranendonck,6023
1706,Cranendonck,6024
1706,Cranendonck,6026
1706,Cranendonck,6027
1706,Cranendonck,6028
1708,Steenwijkerland,7946
1708,Steenwijkerland,8066
1708,Steenwijkerland,8325
1708,Steenwijkerland,8326
1708,Steenwijkerland,8331
1708,Steenwijkerland,8332
1708,Steenwijkerland,8333
1708,Steenwijkerland,8334
1708,Steenwijkerland,8335
1708,Steenwijkerland,8336
1708,Steenwijkerland,8337
1708,Steenwijkerland,8338
1708,Steenwijkerland,8339
1708,Steenwijkerland,8341
1708,Steenwijkerland,8342
1708,Steenwijkerland,8343
1708,Steenwijkerland,8344
1708,Steenwijkerland,8345
1708,Steenwijkerland,8346
1708,Steenwijkerland,8347
1708,Steenwijkerland,8355
1708,Steenwijkerland,8356
1708,Steenwijkerland,8361
1708,Steenwijkerland,8362
1708,Steenwijkerland,8363
1708,Steenwijkerland,8371
1708,Steenwijkerland,8372
1708,Steenwijkerland,8373
1708,Steenwijkerland,8374
1708,Steenwijkerland,8375
1708,Steenwijkerland,8376
1708,Steenwijkerland,8377
1708,Steenwijkerland,8378
1709,Moerdijk,4758
1709,Moerdijk,4759
1709,Moerdijk,4761
1709,Moerdijk,4762
1709,Moerdijk,4765
1709,Moerdijk,4771
1709,Moerdijk,4772
1709,Moerdijk,4781
1709,Moerdijk,4782
1709,Moerdijk,4791
1709,Moerdijk,4793
1709,Moerdijk,4794
1709,Moerdijk,4796
1709,Moerdijk,4797
1711,Echt-Susteren,6101
1711,Echt-Susteren,6102
1711,Echt-Susteren,6104
1711,Echt-Susteren,6105
1711,Echt-Susteren,6111
1711,Echt-Susteren,6112
1711,Echt-Susteren,6114
1711,Echt-Susteren,6116
1711,Echt-Susteren,6118
1714,Sluis,4501
1714,Sluis,4503
1714,Sluis,4504
1714,Sluis,4505
1714,Sluis,4506
1714,Sluis,4507
1714,Sluis,4508
1714,Sluis,4511
1714,Sluis,4513
1714,Sluis,4515
1714,Sluis,4522
1714,Sluis,4524
1714,Sluis,4525
1714,Sluis,4527
1714,Sluis,4528
1714,Sluis,4529
1719,Drimmelen,4766
1719,Drimmelen,4844
1719,Drimmelen,4845
1719,Drimmelen,4921
1719,Drimmelen,4924
1719,Drimmelen,4926
1719,Drimmelen,4927
1721,Bernheze,5383
1721,Bernheze,5384
1721,Bernheze,5388
1721,Bernheze,5471
1721,Bernheze,5472
1721,Bernheze,5473
1721,Bernheze,5476
1723,Alphen-Chaam,4855
1723,Alphen-Chaam,4856
1723,Alphen-Chaam,4858
1723,Alphen-Chaam,4859
1723,Alphen-Chaam,4861
1723,Alphen-Chaam,5131
1724,Bergeijk,5561
1724,Bergeijk,5563
1724,Bergeijk,5571
1724,Bergeijk,5575
1728,Bladel,5527
1728,Bladel,5528
1728,Bladel,5529
1728,Bladel,5531
1728,Bladel,5534
1729,Gulpen-Wittem,6271
1729,Gulpen-Wittem,6273
1729,Gulpen-Wittem,6274
1729,Gulpen-Wittem,6276
1729,Gulpen-Wittem,6277
1729,Gulpen-Wittem,6278
1729,Gulpen-Wittem,6281
1729,Gulpen-Wittem,6285
1729,Gulpen-Wittem,6286
1729,Gulpen-Wittem,6287
1729,Gulpen-Wittem,6289
1729,Gulpen-Wittem,6321
1730,Tynaarlo,9471
1730,Tynaarlo,9472
1730,Tynaarlo,9473
1730,Tynaarlo,9474
1730,Tynaarlo,9475
1730,Tynaarlo,9481
1730,Tynaarlo,9482
1730,Tynaarlo,9483
1730,Tynaarlo,9484
1730,Tynaarlo,9485
1730,Tynaarlo,9491
1730,Tynaarlo,9493
1730,Tynaarlo,9494
1730,Tynaarlo,9495
1730,Tynaarlo,9496
1730,Tynaarlo,9497
1730,Tynaarlo,9761
1730,Tynaarlo,9765
1730,Tynaarlo,9766
1731,Midden-Drenthe,7910
1731,Midden-Drenthe,7928
1731,Midden-Drenthe,7937
1731,Midden-Drenthe,7938
1731,Midden-Drenthe,9411
1731,Midden-Drenthe,9412
1731,Midden-Drenthe,9413
1731,Midden-Drenthe,9414
1731,Midden-Drenthe,9415
1731,Midden-Drenthe,9416
1731,Midden-Drenthe,9417
1731,Midden-Drenthe,9418
1731,Midden-Drenthe,9419
1731,Midden-Drenthe,9421
1731,Midden-Drenthe,9422
1731,Midden-Drenthe,9423
1731,Midden-Drenthe,9431
1731,Midden-Drenthe,9432
1731,Midden-Drenthe,9433
1731,Midden-Drenthe,9434
1731,Midden-Drenthe,9435
1731,Midden-Drenthe,9436
1731,Midden-Drenthe,9437
1731,Midden-Drenthe,9438
1731,Midden-Drenthe,9439
1731,Midden-Drenthe,9441
1731,Midden-Drenthe,9442
1734,Overbetuwe,6661
1734,Overbetuwe,6662
1734,Overbetuwe,6665
1734,Overbetuwe,6666
1734,Overbetuwe,6668
1734,Overbetuwe,6671
1734,Overbetuwe,6672
1734,Overbetuwe,6673
1734,Overbetuwe,6674
1734,Overbetuwe,6675
1734,Overbetuwe,6676
1734,Overbetuwe,6677
1734,Overbetuwe,6678
1735,Hof van Twente,7471
1735,Hof van Twente,7472
1735,Hof van Twente,7475
1735,Hof van Twente,7478
1735,Hof van Twente,7491
1735,Hof van Twente,7495
1735,Hof van Twente,7496
1735,Hof van Twente,7497
1740,Neder-Betuwe,4041
1740,Neder-Betuwe,4043
1740,Neder-Betuwe,4051
1740,Neder-Betuwe,4053
1740,Neder-Betuwe,4054
1740,Neder-Betuwe,6669
1742,Rijssen-Holten,7451
1742,Rijssen-Holten,7461
1742,Rijssen-Holten,7462
1742,Rijssen-Holten,7463
1771,Geldrop-Mierlo,5661
1771,Geldrop-Mierlo,5662
1771,Geldrop-Mierlo,5663
1771,Geldrop-Mierlo,5664
1771,Geldrop-Mierlo,5665
1771,Geldrop-Mierlo,5666
1771,Geldrop-Mierlo,5667
1771,Geldrop-Mierlo,5731
1773,Olst-Wijhe,8121
1773,Olst-Wijhe,8124
1773,Olst-Wijhe,8131
1773,Olst-Wijhe,8196
1773,Olst-Wijhe,8198
1774,Dinkelland,7561
1774,Dinkelland,7591
1774,Dinkelland,7595
1774,Dinkelland,7596
1774,Dinkelland,7597
1774,Dinkelland,7631
1774,Dinkelland,7634
1774,Dinkelland,7635
1774,Dinkelland,7636
1774,Dinkelland,7637
1774,Dinkelland,7638
1783,Westland,2291
1783,Westland,2292
1783,Westland,2295
1783,Westland,2671
1783,Westland,2672
1783,Westland,2673
1783,Westland,2675
1783,Westland,2676
1783,Westland,2678
1783,Westland,2681
1783,Westland,2684
1783,Westland,2685
1783,Westland,2691
1783,Westland,2692
1783,Westland,2693
1783,Westland,2694
1842,Midden-Delfland,2635
1842,Midden-Delfland,2636
1842,Midden-Delfland,3155
1859,Berkelland,7151
1859,Berkelland,7152
1859,Berkelland,7156
1859,Berkelland,7157
1859,Berkelland,7161
1859,Berkelland,7165
1859,Berkelland,7261
1859,Berkelland,7271
1859,Berkelland,7273
1859,Berkelland,7274
1859,Berkelland,7275
1876,Bronckhorst,6996
1876,Bronckhorst,6997
1876,Bronckhorst,6998
1876,Bronckhorst,6999
1876,Bronckhorst,7021
1876,Bronckhorst,7025
1876,Bronckhorst,7221
1876,Bronckhorst,7223
1876,Bronckhorst,7224
1876,Bronckhorst,7225
1876,Bronckhorst,7226
1876,Bronckhorst,7227
1876,Bronckhorst,7233
1876,Bronckhorst,7234
1876,Bronckhorst,7251
1876,Bronckhorst,7255
1876,Bronckhorst,7256
1883,Sittard-Geleen,6121
1883,Sittard-Geleen,6122
1883,Sittard-Geleen,6123
1883,Sittard-Geleen,6124
1883,Sittard-Geleen,6125
1883,Sittard-Geleen,6127
1883,Sittard-Geleen,6131
1883,Sittard-Geleen,6132
1883,Sittard-Geleen,6133
1883,Sittard-Geleen,6134
1883,Sittard-Geleen,6135
1883,Sittard-Geleen,6136
1883,Sittard-Geleen,6137
1883,Sittard-Geleen,6141
1883,Sittard-Geleen,6142
1883,Sittard-Geleen,6143
1883,Sittard-Geleen,6151
1883,Sittard-Geleen,6153
1883,Sittard-Geleen,6161
1883,Sittard-Geleen,6162
1883,Sittard-Geleen,6163
1883,Sittard-Geleen,6164
1883,Sittard-Geleen,6165
1883,Sittard-Geleen,6166
1883,Sittard-Geleen,6167
1884,Kaag en Braassem,2159
1884,Kaag en Braassem,2355
1884,Kaag en Braassem,2371
1884,Kaag en Braassem,2374
1884,Kaag en Braassem,2375
1884,Kaag en Braassem,2376
1884,Kaag en Braassem,2377
1884,Kaag en Braassem,2451
1884,Kaag en Braassem,2465
1884,Kaag en Braassem,2481
1891,Dantumadiel,9067
1891,Dantumadiel,9104
1891,Dantumadiel,9105
1891,Dantumadiel,9106
1891,Dantumadiel,9108
1891,Dantumadiel,9109
1891,Dantumadiel,9113
1891,Dantumadiel,9114
1891,Dantumadiel,9269
1891,Dantumadiel,9271
1892,Zuidplas,2751
1892,Zuidplas,2752
1892,Zuidplas,2761
1892,Zuidplas,2841
1892,Zuidplas,2911
1892,Zuidplas,2912
1892,Zuidplas,2913
1892,Zuidplas,2914
1894,Peel en Maas,5768
1894,Peel en Maas,5981
1894,Peel en Maas,5984
1894,Peel en Maas,5985
1894,Peel en Maas,5986
1894,Peel en Maas,5987
1894,Peel en Maas,5988
1894,Peel en Maas,5991
1894,Peel en Maas,5993
1894,Peel en Maas,5995
1895,Oldambt,9671
1895,Oldambt,9672
1895,Oldambt,9673
1895,Oldambt,9674
1895,Oldambt,9675
1895,Oldambt,9677
1895,Oldambt,9678
1895,Oldambt,9679
1895,Oldambt,9681
1895,Oldambt,9682
1895,Oldambt,9684
1895,Oldambt,9685
1895,Oldambt,9686
1895,Oldambt,9687
1895,Oldambt,9688
1895,Oldambt,9691
1895,Oldambt,9693
1895,Oldambt,9942
1895,Oldambt,9943
1895,Oldambt,9944
1896,Zwartewaterland,8061
1896,Zwartewaterland,8064
1896,Zwartewaterland,8281
1896,Zwartewaterland,8291
1896,Zwartewaterland,8294
1900,Sdwest-Frysln,8529
1900,Sdwest-Frysln,8551
1900,Sdwest-Frysln,8552
1900,Sdwest-Frysln,8553
1900,Sdwest-Frysln,8554
1900,Sdwest-Frysln,8584
1900,Sdwest-Frysln,8601
1900,Sdwest-Frysln,8602
1900,Sdwest-Frysln,8603
1900,Sdwest-Frysln,8604
1900,Sdwest-Frysln,8605
1900,Sdwest-Frysln,8606
1900,Sdwest-Frysln,8607
1900,Sdwest-Frysln,8608
1900,Sdwest-Frysln,8611
1900,Sdwest-Frysln,8612
1900,Sdwest-Frysln,8613
1900,Sdwest-Frysln,8614
1900,Sdwest-Frysln,8615
1900,Sdwest-Frysln,8616
1900,Sdwest-Frysln,8617
1900,Sdwest-Frysln,8618
1900,Sdwest-Frysln,8621
1900,Sdwest-Frysln,8622
1900,Sdwest-Frysln,8623
1900,Sdwest-Frysln,8624
1900,Sdwest-Frysln,8625
1900,Sdwest-Frysln,8626
1900,Sdwest-Frysln,8627
1900,Sdwest-Frysln,8628
1900,Sdwest-Frysln,8629
1900,Sdwest-Frysln,8631
1900,Sdwest-Frysln,8632
1900,Sdwest-Frysln,8633
1900,Sdwest-Frysln,8635
1900,Sdwest-Frysln,8636
1900,Sdwest-Frysln,8637
1900,Sdwest-Frysln,8641
1900,Sdwest-Frysln,8642
1900,Sdwest-Frysln,8644
1900,Sdwest-Frysln,8647
1900,Sdwest-Frysln,8651
1900,Sdwest-Frysln,8658
1900,Sdwest-Frysln,8701
1900,Sdwest-Frysln,8702
1900,Sdwest-Frysln,8711
1900,Sdwest-Frysln,8713
1900,Sdwest-Frysln,8715
1900,Sdwest-Frysln,8721
1900,Sdwest-Frysln,8722
1900,Sdwest-Frysln,8723
1900,Sdwest-Frysln,8724
1900,Sdwest-Frysln,8731
1900,Sdwest-Frysln,8732
1900,Sdwest-Frysln,8733
1900,Sdwest-Frysln,8734
1900,Sdwest-Frysln,8735
1900,Sdwest-Frysln,8736
1900,Sdwest-Frysln,8737
1900,Sdwest-Frysln,8741
1900,Sdwest-Frysln,8742
1900,Sdwest-Frysln,8743
1900,Sdwest-Frysln,8744
1900,Sdwest-Frysln,8745
1900,Sdwest-Frysln,8746
1900,Sdwest-Frysln,8747
1900,Sdwest-Frysln,8748
1900,Sdwest-Frysln,8749
1900,Sdwest-Frysln,8751
1900,Sdwest-Frysln,8752
1900,Sdwest-Frysln,8753
1900,Sdwest-Frysln,8754
1900,Sdwest-Frysln,8755
1900,Sdwest-Frysln,8756
1900,Sdwest-Frysln,8757
1900,Sdwest-Frysln,8758
1900,Sdwest-Frysln,8759
1900,Sdwest-Frysln,8761
1900,Sdwest-Frysln,8762
1900,Sdwest-Frysln,8763
1900,Sdwest-Frysln,8764
1900,Sdwest-Frysln,8765
1900,Sdwest-Frysln,8766
1900,Sdwest-Frysln,8771
1900,Sdwest-Frysln,8772
1900,Sdwest-Frysln,8773
1900,Sdwest-Frysln,8774
1900,Sdwest-Frysln,8775
1900,Sdwest-Frysln,8821
1900,Sdwest-Frysln,8822
1900,Sdwest-Frysln,8823
1900,Sdwest-Frysln,8844
1900,Sdwest-Frysln,8845
1900,Sdwest-Frysln,9012
1900,Sdwest-Frysln,9013
1900,Sdwest-Frysln,9014
1900,Sdwest-Frysln,9021
1901,Bodegraven-Reeuwijk,2411
1901,Bodegraven-Reeuwijk,2412
1901,Bodegraven-Reeuwijk,2415
1901,Bodegraven-Reeuwijk,2811
1901,Bodegraven-Reeuwijk,3465
1901,Bodegraven-Reeuwijk,3466
1903,Eijsden-Margraten,6245
1903,Eijsden-Margraten,6247
1903,Eijsden-Margraten,6251
1903,Eijsden-Margraten,6252
1903,Eijsden-Margraten,6255
1903,Eijsden-Margraten,6261
1903,Eijsden-Margraten,6262
1903,Eijsden-Margraten,6265
1903,Eijsden-Margraten,6267
1903,Eijsden-Margraten,6268
1903,Eijsden-Margraten,6269
1903,Eijsden-Margraten,6307
1904,Stichtse Vecht,1393
1904,Stichtse Vecht,3601
1904,Stichtse Vecht,3602
1904,Stichtse Vecht,3603
1904,Stichtse Vecht,3604
1904,Stichtse Vecht,3605
1904,Stichtse Vecht,3606
1904,Stichtse Vecht,3607
1904,Stichtse Vecht,3608
1904,Stichtse Vecht,3611
1904,Stichtse Vecht,3612
1904,Stichtse Vecht,3621
1904,Stichtse Vecht,3626
1904,Stichtse Vecht,3628
1904,Stichtse Vecht,3631
1904,Stichtse Vecht,3632
1904,Stichtse Vecht,3633
1904,Stichtse Vecht,3634
1911,Hollands Kroon,1731
1911,Hollands Kroon,1732
1911,Hollands Kroon,1733
1911,Hollands Kroon,1734
1911,Hollands Kroon,1735
1911,Hollands Kroon,1736
1911,Hollands Kroon,1761
1911,Hollands Kroon,1764
1911,Hollands Kroon,1766
1911,Hollands Kroon,1767
1911,Hollands Kroon,1768
1911,Hollands Kroon,1769
1911,Hollands Kroon,1771
1911,Hollands Kroon,1773
1911,Hollands Kroon,1774
1911,Hollands Kroon,1775
1911,Hollands Kroon,1777
1911,Hollands Kroon,1778
1911,Hollands Kroon,1779
1916,Leidschendam-Voorburg,2261
1916,Leidschendam-Voorburg,2262
1916,Leidschendam-Voorburg,2263
1916,Leidschendam-Voorburg,2264
1916,Leidschendam-Voorburg,2265
1916,Leidschendam-Voorburg,2266
1916,Leidschendam-Voorburg,2267
1916,Leidschendam-Voorburg,2271
1916,Leidschendam-Voorburg,2272
1916,Leidschendam-Voorburg,2273
1916,Leidschendam-Voorburg,2274
1916,Leidschendam-Voorburg,2275
1924,Goeree-Overflakkee,3241
1924,Goeree-Overflakkee,3243
1924,Goeree-Overflakkee,3244
1924,Goeree-Overflakkee,3245
1924,Goeree-Overflakkee,3247
1924,Goeree-Overflakkee,3248
1924,Goeree-Overflakkee,3249
1924,Goeree-Overflakkee,3251
1924,Goeree-Overflakkee,3252
1924,Goeree-Overflakkee,3253
1924,Goeree-Overflakkee,3255
1924,Goeree-Overflakkee,3256
1924,Goeree-Overflakkee,3257
1924,Goeree-Overflakkee,3258
1926,Pijnacker-Nootdorp,2631
1926,Pijnacker-Nootdorp,2632
1926,Pijnacker-Nootdorp,2641
1926,Pijnacker-Nootdorp,2642
1926,Pijnacker-Nootdorp,2643
1926,Pijnacker-Nootdorp,2645
1930,Nissewaard,3201
1930,Nissewaard,3202
1930,Nissewaard,3203
1930,Nissewaard,3204
1930,Nissewaard,3205
1930,Nissewaard,3206
1930,Nissewaard,3207
1930,Nissewaard,3208
1930,Nissewaard,3209
1930,Nissewaard,3211
1930,Nissewaard,3212
1930,Nissewaard,3214
1930,Nissewaard,3216
1930,Nissewaard,3218
1931,Krimpenerwaard,2821
1931,Krimpenerwaard,2825
1931,Krimpenerwaard,2831
1931,Krimpenerwaard,2851
1931,Krimpenerwaard,2855
1931,Krimpenerwaard,2861
1931,Krimpenerwaard,2865
1931,Krimpenerwaard,2871
1931,Krimpenerwaard,2872
1931,Krimpenerwaard,2931
1931,Krimpenerwaard,2935
1931,Krimpenerwaard,2941
1940,De Fryske Marren,8461
1940,De Fryske Marren,8462
1940,De Fryske Marren,8463
1940,De Fryske Marren,8464
1940,De Fryske Marren,8465
1940,De Fryske Marren,8466
1940,De Fryske Marren,8467
1940,De Fryske Marren,8493
1940,De Fryske Marren,8501
1940,De Fryske Marren,8502
1940,De Fryske Marren,8503
1940,De Fryske Marren,8505
1940,De Fryske Marren,8506
1940,De Fryske Marren,8507
1940,De Fryske Marren,8508
1940,De Fryske Marren,8511
1940,De Fryske Marren,8512
1940,De Fryske Marren,8513
1940,De Fryske Marren,8514
1940,De Fryske Marren,8515
1940,De Fryske Marren,8516
1940,De Fryske Marren,8517
1940,De Fryske Marren,8521
1940,De Fryske Marren,8522
1940,De Fryske Marren,8523
1940,De Fryske Marren,8524
1940,De Fryske Marren,8525
1940,De Fryske Marren,8526
1940,De Fryske Marren,8527
1940,De Fryske Marren,8528
1940,De Fryske Marren,8531
1940,De Fryske Marren,8532
1940,De Fryske Marren,8534
1940,De Fryske Marren,8535
1940,De Fryske Marren,8536
1940,De Fryske Marren,8537
1940,De Fryske Marren,8538
1940,De Fryske Marren,8539
1940,De Fryske Marren,8541
1940,De Fryske Marren,8542
1940,De Fryske Marren,8556
1940,De Fryske Marren,8561
1940,De Fryske Marren,8563
1940,De Fryske Marren,8564
1940,De Fryske Marren,8565
1940,De Fryske Marren,8566
1940,De Fryske Marren,8567
1940,De Fryske Marren,8571
1940,De Fryske Marren,8572
1940,De Fryske Marren,8573
1940,De Fryske Marren,8574
1940,De Fryske Marren,8581
1940,De Fryske Marren,8582
1940,De Fryske Marren,8583
1942,Gooise Meren,1398
1942,Gooise Meren,1399
1942,Gooise Meren,1401
1942,Gooise Meren,1402
1942,Gooise Meren,1403
1942,Gooise Meren,1404
1942,Gooise Meren,1405
1942,Gooise Meren,1406
1942,Gooise Meren,1411
1942,Gooise Meren,1412
1945,Berg en Dal,6561
1945,Berg en Dal,6562
1945,Berg en Dal,6564
1945,Berg en Dal,6566
1945,Berg en Dal,6571
1945,Berg en Dal,6572
1945,Berg en Dal,6573
1945,Berg en Dal,6574
1945,Berg en Dal,6575
1945,Berg en Dal,6576
1945,Berg en Dal,6577
1945,Berg en Dal,6578
1945,Berg en Dal,6579
1948,Meierijstad,5461
1948,Meierijstad,5462
1948,Meierijstad,5463
1948,Meierijstad,5464
1948,Meierijstad,5465
1948,Meierijstad,5466
1948,Meierijstad,5467
1948,Meierijstad,5469
1948,Meierijstad,5481
1948,Meierijstad,5482
1948,Meierijstad,5491
1948,Meierijstad,5492
1949,Waadhoeke,8801
1949,Waadhoeke,8802
1949,Waadhoeke,8804
1949,Waadhoeke,8805
1949,Waadhoeke,8806
1949,Waadhoeke,8807
1949,Waadhoeke,8808
1949,Waadhoeke,8809
1949,Waadhoeke,8811
1949,Waadhoeke,8812
1949,Waadhoeke,8813
1949,Waadhoeke,8814
1949,Waadhoeke,8816
1949,Waadhoeke,8831
1949,Waadhoeke,8841
1949,Waadhoeke,8842
1949,Waadhoeke,8843
1949,Waadhoeke,8851
1949,Waadhoeke,8852
1949,Waadhoeke,8853
1949,Waadhoeke,8854
1949,Waadhoeke,8855
1949,Waadhoeke,8856
1949,Waadhoeke,9031
1949,Waadhoeke,9032
1949,Waadhoeke,9033
1949,Waadhoeke,9034
1949,Waadhoeke,9035
1949,Waadhoeke,9036
1949,Waadhoeke,9037
1949,Waadhoeke,9038
1949,Waadhoeke,9041
1949,Waadhoeke,9043
1949,Waadhoeke,9044
1949,Waadhoeke,9045
1949,Waadhoeke,9047
1949,Waadhoeke,9072
1949,Waadhoeke,9075
1949,Waadhoeke,9076
1949,Waadhoeke,9077
1949,Waadhoeke,9078
1949,Waadhoeke,9079
1950,Westerwolde,9541
1950,Westerwolde,9545
1950,Westerwolde,9551
1950,Westerwolde,9561
1950,Westerwolde,9563
1950,Westerwolde,9566
1950,Westerwolde,9695
1950,Westerwolde,9696
1950,Westerwolde,9697
1950,Westerwolde,9698
1950,Westerwolde,9699
1952,Midden-Groningen,9601
1952,Midden-Groningen,9602
1952,Midden-Groningen,9603
1952,Midden-Groningen,9605
1952,Midden-Groningen,9606
1952,Midden-Groningen,9607
1952,Midden-Groningen,9608
1952,Midden-Groningen,9609
1952,Midden-Groningen,9611
1952,Midden-Groningen,9615
1952,Midden-Groningen,9616
1952,Midden-Groningen,9617
1952,Midden-Groningen,9618
1952,Midden-Groningen,9619
1952,Midden-Groningen,9621
1952,Midden-Groningen,9623
1952,Midden-Groningen,9624
1952,Midden-Groningen,9625
1952,Midden-Groningen,9626
1952,Midden-Groningen,9627
1952,Midden-Groningen,9628
1952,Midden-Groningen,9629
1952,Midden-Groningen,9632
1952,Midden-Groningen,9633
1952,Midden-Groningen,9635
1952,Midden-Groningen,9636
1952,Midden-Groningen,9649
1952,Midden-Groningen,9651
1952,Midden-Groningen,9939
1954,Beekdaelen,6155
1954,Beekdaelen,6174
1954,Beekdaelen,6333
1954,Beekdaelen,6336
1954,Beekdaelen,6361
1954,Beekdaelen,6363
1954,Beekdaelen,6365
1954,Beekdaelen,6436
1954,Beekdaelen,6438
1954,Beekdaelen,6439
1954,Beekdaelen,6447
1954,Beekdaelen,6451
1954,Beekdaelen,6454
1954,Beekdaelen,6456
1955,Montferland,6941
1955,Montferland,6942
1955,Montferland,7035
1955,Montferland,7036
1955,Montferland,7037
1955,Montferland,7038
1955,Montferland,7039
1955,Montferland,7041
1955,Montferland,7044
1955,Montferland,7045
1955,Montferland,7046
1955,Montferland,7047
1955,Montferland,7048
1959,Altena,4251
1959,Altena,4254
1959,Altena,4255
1959,Altena,4261
1959,Altena,4264
1959,Altena,4265
1959,Altena,4266
1959,Altena,4267
1959,Altena,4268
1959,Altena,4269
1959,Altena,4271
1959,Altena,4273
1959,Altena,4281
1959,Altena,4283
1959,Altena,4284
1959,Altena,4285
1959,Altena,4286
1959,Altena,4287
1959,Altena,4288
1960,West Betuwe,4061
1960,West Betuwe,4062
1960,West Betuwe,4063
1960,West Betuwe,4064
1960,West Betuwe,4147
1960,West Betuwe,4151
1960,West Betuwe,4152
1960,West Betuwe,4153
1960,West Betuwe,4155
1960,West Betuwe,4156
1960,West Betuwe,4157
1960,West Betuwe,4158
1960,West Betuwe,4161
1960,West Betuwe,4171
1960,West Betuwe,4174
1960,West Betuwe,4175
1960,West Betuwe,4176
1960,West Betuwe,4181
1960,West Betuwe,4182
1960,West Betuwe,4184
1960,West Betuwe,4185
1960,West Betuwe,4191
1960,West Betuwe,4194
1960,West Betuwe,4196
1960,West Betuwe,4197
1960,West Betuwe,4211
1960,West Betuwe,4212
1960,West Betuwe,4214
1961,Vijfheerenlanden,3989
1961,Vijfheerenlanden,4121
1961,Vijfheerenlanden,4122
1961,Vijfheerenlanden,4124
1961,Vijfheerenlanden,4125
1961,Vijfheerenlanden,4126
1961,Vijfheerenlanden,4128
1961,Vijfheerenlanden,4131
1961,Vijfheerenlanden,4132
1961,Vijfheerenlanden,4133
1961,Vijfheerenlanden,4141
1961,Vijfheerenlanden,4142
1961,Vijfheerenlanden,4143
1961,Vijfheerenlanden,4145
1961,Vijfheerenlanden,4163
1961,Vijfheerenlanden,4231
1961,Vijfheerenlanden,4233
1961,Vijfheerenlanden,4235
1961,Vijfheerenlanden,4243
1961,Vijfheerenlanden,4245
1961,Vijfheerenlanden,4247
1963,Hoeksche Waard,3261
1963,Hoeksche Waard,3262
1963,Hoeksche Waard,3263
1963,Hoeksche Waard,3264
1963,Hoeksche Waard,3265
1963,Hoeksche Waard,3267
1963,Hoeksche Waard,3271
1963,Hoeksche Waard,3273
1963,Hoeksche Waard,3274
1963,Hoeksche Waard,3281
1963,Hoeksche Waard,3284
1963,Hoeksche Waard,3286
1963,Hoeksche Waard,3291
1963,Hoeksche Waard,3292
1963,Hoeksche Waard,3293
1963,Hoeksche Waard,3295
1963,Hoeksche Waard,3297
1963,Hoeksche Waard,3299
1966,Het Hogeland,9771
1966,Het Hogeland,9773
1966,Het Hogeland,9774
1966,Het Hogeland,9781
1966,Het Hogeland,9784
1966,Het Hogeland,9785
1966,Het Hogeland,9925
1966,Het Hogeland,9951
1966,Het Hogeland,9953
1966,Het Hogeland,9954
1966,Het Hogeland,9955
1966,Het Hogeland,9956
1966,Het Hogeland,9957
1966,Het Hogeland,9959
1966,Het Hogeland,9961
1966,Het Hogeland,9962
1966,Het Hogeland,9963
1966,Het Hogeland,9964
1966,Het Hogeland,9965
1966,Het Hogeland,9966
1966,Het Hogeland,9967
1966,Het Hogeland,9968
1966,Het Hogeland,9969
1966,Het Hogeland,9971
1966,Het Hogeland,9972
1966,Het Hogeland,9973
1966,Het Hogeland,9974
1966,Het Hogeland,9975
1966,Het Hogeland,9976
1966,Het Hogeland,9977
1966,Het Hogeland,9978
1966,Het Hogeland,9979
1966,Het Hogeland,9981
1966,Het Hogeland,9982
1966,Het Hogeland,9983
1966,Het Hogeland,9984
1966,Het Hogeland,9985
1966,Het Hogeland,9986
1966,Het Hogeland,9988
1966,Het Hogeland,9989
1966,Het Hogeland,9995
1966,Het Hogeland,9996
1966,Het Hogeland,9997
1966,Het Hogeland,9998
1966,Het Hogeland,9999
1969,Westerkwartier,9351
1969,Westerkwartier,9354
1969,Westerkwartier,9355
1969,Westerkwartier,9356
1969,Westerkwartier,9359
1969,Westerkwartier,9361
1969,Westerkwartier,9362
1969,Westerkwartier,9363
1969,Westerkwartier,9364
1969,Westerkwartier,9365
1969,Westerkwartier,9366
1969,Westerkwartier,9367
1969,Westerkwartier,9801
1969,Westerkwartier,9804
1969,Westerkwartier,9805
1969,Westerkwartier,9811
1969,Westerkwartier,9812
1969,Westerkwartier,9821
1969,Westerkwartier,9822
1969,Westerkwartier,9824
1969,Westerkwartier,9825
1969,Westerkwartier,9827
1969,Westerkwartier,9828
1969,Westerkwartier,9831
1969,Westerkwartier,9832
1969,Westerkwartier,9833
1969,Westerkwartier,9841
1969,Westerkwartier,9842
1969,Westerkwartier,9843
1969,Westerkwartier,9844
1969,Westerkwartier,9845
1969,Westerkwartier,9861
1969,Westerkwartier,9862
1969,Westerkwartier,9863
1969,Westerkwartier,9864
1969,Westerkwartier,9865
1969,Westerkwartier,9866
1969,Westerkwartier,9881
1969,Westerkwartier,9882
1969,Westerkwartier,9883
1969,Westerkwartier,9884
1969,Westerkwartier,9885
1969,Westerkwartier,9886
1969,Westerkwartier,9891
1969,Westerkwartier,9892
1969,Westerkwartier,9893
1970,Noardeast-Frysln,9073
1970,Noardeast-Frysln,9074
1970,Noardeast-Frysln,9101
1970,Noardeast-Frysln,9102
1970,Noardeast-Frysln,9103
1970,Noardeast-Frysln,9107
1970,Noardeast-Frysln,9111
1970,Noardeast-Frysln,9112
1970,Noardeast-Frysln,9121
1970,Noardeast-Frysln,9122
1970,Noardeast-Frysln,9123
1970,Noardeast-Frysln,9124
1970,Noardeast-Frysln,9125
1970,Noardeast-Frysln,9131
1970,Noardeast-Frysln,9132
1970,Noardeast-Frysln,9133
1970,Noardeast-Frysln,9134
1970,Noardeast-Frysln,9135
1970,Noardeast-Frysln,9136
1970,Noardeast-Frysln,9137
1970,Noardeast-Frysln,9138
1970,Noardeast-Frysln,9141
1970,Noardeast-Frysln,9142
1970,Noardeast-Frysln,9143
1970,Noardeast-Frysln,9144
1970,Noardeast-Frysln,9145
1970,Noardeast-Frysln,9146
1970,Noardeast-Frysln,9147
1970,Noardeast-Frysln,9148
1970,Noardeast-Frysln,9151
1970,Noardeast-Frysln,9152
1970,Noardeast-Frysln,9153
1970,Noardeast-Frysln,9154
1970,Noardeast-Frysln,9155
1970,Noardeast-Frysln,9156
1970,Noardeast-Frysln,9171
1970,Noardeast-Frysln,9172
1970,Noardeast-Frysln,9173
1970,Noardeast-Frysln,9174
1970,Noardeast-Frysln,9175
1970,Noardeast-Frysln,9176
1970,Noardeast-Frysln,9177
1970,Noardeast-Frysln,9178
1970,Noardeast-Frysln,9291
1970,Noardeast-Frysln,9292
1970,Noardeast-Frysln,9293
1970,Noardeast-Frysln,9294
1970,Noardeast-Frysln,9295
1970,Noardeast-Frysln,9296
1970,Noardeast-Frysln,9297
1970,Noardeast-Frysln,9298
1970,Noardeast-Frysln,9299
1970,Noardeast-Frysln,9851
1970,Noardeast-Frysln,9852
1970,Noardeast-Frysln,9853
1978,Molenlanden,2957
1978,Molenlanden,2959
1978,Molenlanden,2961
1978,Molenlanden,2964
1978,Molenlanden,2965
1978,Molenlanden,2967
1978,Molenlanden,2968
1978,Molenlanden,2969
1978,Molenlanden,2971
1978,Molenlanden,2973
1978,Molenlanden,2974
1978,Molenlanden,2975
1978,Molenlanden,2977
1978,Molenlanden,3366
1978,Molenlanden,3381
1978,Molenlanden,4209
1978,Molenlanden,4221
1978,Molenlanden,4223
1978,Molenlanden,4225
1978,Molenlanden,4241
1979,Eemsdelta,9901
1979,Eemsdelta,9902
1979,Eemsdelta,9903
1979,Eemsdelta,9904
1979,Eemsdelta,9905
1979,Eemsdelta,9906
1979,Eemsdelta,9907
1979,Eemsdelta,9908
1979,Eemsdelta,9909
1979,Eemsdelta,9911
1979,Eemsdelta,9912
1979,Eemsdelta,9913
1979,Eemsdelta,9914
1979,Eemsdelta,9915
1979,Eemsdelta,9917
1979,Eemsdelta,9918
1979,Eemsdelta,9919
1979,Eemsdelta,9921
1979,Eemsdelta,9922
1979,Eemsdelta,9923
1979,Eemsdelta,9924
1979,Eemsdelta,9931
1979,Eemsdelta,9932
1979,Eemsdelta,9933
1979,Eemsdelta,9934
1979,Eemsdelta,9936
1979,Eemsdelta,9937
1979,Eemsdelta,9945
1979,Eemsdelta,9946
1979,Eemsdelta,9947
1979,Eemsdelta,9948
1979,Eemsdelta,9949
1979,Eemsdelta,9987
1979,Eemsdelta,9991
1979,Eemsdelta,9992
1979,Eemsdelta,9993
1979,Eemsdelta,9994
1980,Dijk en Waard,1701
1980,Dijk en Waard,1702
1980,Dijk en Waard,1703
1980,Dijk en Waard,1704
1980,Dijk en Waard,1705
1980,Dijk en Waard,1706
1980,Dijk en Waard,1721
1980,Dijk en Waard,1722
1980,Dijk en Waard,1723
1980,Dijk en Waard,1724
1980,Dijk en Waard,1832
1980,Dijk en Waard,1834
1982,Land van Cuijk,5361
1982,Land van Cuijk,5363
1982,Land van Cuijk,5364
1982,Land van Cuijk,5431
1982,Land van Cuijk,5432
1982,Land van Cuijk,5433
1982,Land van Cuijk,5434
1982,Land van Cuijk,5435
1982,Land van Cuijk,5437
1982,Land van Cuijk,5438
1982,Land van Cuijk,5439
1982,Land van Cuijk,5441
1982,Land van Cuijk,5443
1982,Land van Cuijk,5445
1982,Land van Cuijk,5446
1982,Land van Cuijk,5447
1982,Land van Cuijk,5449
1982,Land van Cuijk,5451
1982,Land van Cuijk,5453
1982,Land van Cuijk,5454
1982,Land van Cuijk,5455
1982,Land van Cuijk,5821
1982,Land van Cuijk,5823
1982,Land van Cuijk,5824
1982,Land van Cuijk,5825
1982,Land van Cuijk,5826
1982,Land van Cuijk,5827
1982,Land van Cuijk,5831
1982,Land van Cuijk,5835
1982,Land van Cuijk,5836
1982,Land van Cuijk,5841
1982,Land van Cuijk,5843
1982,Land van Cuijk,5844
1982,Land van Cuijk,5845
1982,Land van Cuijk,5846
1991,Maashorst,5374
1991,Maashorst,5375
1991,Maashorst,5401
1991,Maashorst,5402
1991,Maashorst,5403
1991,Maashorst,5404
1991,Maashorst,5405
1991,Maashorst,5406
1991,Maashorst,5408
1991,Maashorst,5409
1991,Maashorst,5411
164,Hengelo (O),7551
164,Hengelo (O),7552
164,Hengelo (O),7553
164,Hengelo (O),7554
164,Hengelo (O),7555
164,Hengelo (O),7556
164,Hengelo (O),7557
164,Hengelo (O),7558
164,Hengelo (O),7559
